Still in,unknown
Still in.,unknown
Still IN!,unknown
Still in,unknown
Still in,unknown
Still in boys! We are down to single digit countdown!,unknown
Still IN,unknown
Still in,unknown
|Still in, here comes the week that we all get stuffed by delicious food.|,unknown
Still in,unknown
still in!!,unknown
Still in,unknown
Still IN !,unknown
Still in,unknown
Still IN!,unknown
Still IN,unknown
Still IN,unknown
Still In,unknown
Still IN!,unknown
still in,unknown
Still in,unknown
Still in,unknown
Still in!,unknown
Still IN,unknown
|It didn't get me to do anything stupid, but temptations sure made their presence known to me last night, it's the hardest they've ever been this month. Nevertheless the end is on single digits, no way we're losing now cumrades. Still IN!|,unknown
|Still IN, gentlemen.  although our numbers are depleted, we can still win!|,unknown
Still In,unknown
Still in.,unknown
Still IN!,unknown
Still in,unknown
STILL IN.,unknown
STILL IN,unknown
Still in! ðŸ¤˜ðŸ¤˜ðŸ¤˜,unknown
Still IN,unknown
|Still in! 

Single digits now.|,unknown
Still in!,unknown
what's 9+10?,unknown
|Still IN:  


No urges, no arousal even, just boredom. I have completely erased lust from my mind and have ascended.|,unknown
Still IN,unknown
Still In o7,unknown
Still IN,unknown
Still in,unknown
Still in,unknown
STILL IN,unknown
Still In o7,unknown
In.,unknown
Still IN,unknown
|Still in

Almost there  cumrades!!|,unknown
Still IN,unknown
Still in,unknown
|About 70% of the month is over, we have reached single digits now.|,unknown
Still IN                                                                                                                                                                                              o7,unknown
Still in,unknown
still in o7,unknown
Still in,unknown
|Monday, November 21st.

STILL IN.|,unknown
Still here and not dying inside at all..,unknown
still in,unknown
Still in like a damn champion.,unknown
Still IN! o7o7o7o7o7o7o7,unknown
|Day 21 and weâ€™re close to the end, so i think that i might actually make it to the finish line! 
If i do, i think iâ€™ll do NNN next year as well! 
Still in!|,unknown
Still IN,unknown
|Still IN, but barely.  


DO NOT EDGE|,unknown
Still in,unknown
Ð¡Ñ‚Ñ–Ð»Ð» Ñ–Ð½ ðŸ‡ºðŸ‡¦,unknown
|Started going to gym again, STILL IN|,unknown
Still In!,unknown
Day 21 and still not done!  Still in!  07,unknown
Still in,unknown
Still in,unknown
Still in,unknown
still in,unknown
Still in,unknown
Still in,unknown
Still in still in still in,unknown
Still in,unknown
Still IN !,unknown
Still IN,unknown
Still In  07,unknown
Still in,unknown
IM STILL IN BABY LET'S GOOOOOOOOO,unknown
Still in instill,unknown
Still IN,unknown
Still in,unknown
Still in,unknown
Still In!,unknown
STILL IN!,unknown
Still In,unknown
Still in!,unknown
Still in,unknown
Still in!,unknown
Still in,unknown
Still in,unknown
Still IN ðŸ’ª,unknown
STILL IN BOI!!,unknown
Still in,unknown
Still IN,unknown
Still IN mofos,unknown
Still in!,unknown
Still in o7,unknown
