1/30,y
|Failed after 0 seconds, starting cumming a few seconds before midnight struck, by the time I finished, it was midnight. Mission failed successfully? 

&#x200B;

I'm OUT.|,n
Out,n
It starts,y
Wow,y
|*Hear me, great Sages*  
*We must return to our home*  
*Of abstinance NOW*  


I'm back, I'm in and I'm ready to see the Sages again.|,y
It is 12:15 AM for me and so far I'm doing really good! Good luck to all out fellow cumrades for this year 2022!,y
My first nonutnovember wish me luck I'm in,y
The war is beautiful. I will be victorious this year,y
Whats up cumrades,y
LFG bois,y
|I literally cried when I saw the date. Good luck my cumrades. I hope to see you all on the other side ğŸ«¡

IN|,y
i failleddd nooooooğŸ˜”ğŸ˜”whyyy whyyyy whyyyyyyy meeeeeeeğŸ˜“ğŸ˜“ğŸ˜“ğŸ˜“ğŸ˜“ğŸ˜“ğŸ˜“,n
Good luck my fellow cumrades,y
It's good to be back o7,y
o7,y
|Alright time to earn myself a winning streak!
Itâ€™s an honour to fight alongside you all again
IN|,y
|I'm IN bros

My partner is not thrilled by my decision to participate but he'll survive lmfao|,y
Good luck from Romania ğŸ«¡ğŸ«¶ğŸ¼,y
|1st year of actually attempting to try

Last year I made the unfortunate mistake of forgetting about NNN and I lasted a whopping 5 minutes before I was out. This year is different I will push myself to that diamond flair. 

My fellow brethren I wish us all the best of luck for the next 30 days.|,y
UwU,y
Ive failed it was my first nnn can i get a second chance,n
|[**November has come.**](https://youtu.be/EGc9mgpvtxU)

#Let's do this.|,y
1/30,y
| ITS officially NO NUT NOVEMBER AND IM HAPPILY TO ADMIT THAT I JUST FAILED 2 MINS AGOğŸ‘ğŸ‘
GOOD LUCK BOYS cant fight this battle with yallğŸ˜”|,n
i just failed bruh omgggğŸ˜‚ğŸ˜” painnn,n
LET IT BEGIN,y
Alright this is my first run at this so I already had sex with the wifey one last time until December so as Goku says â€œThe real fight starts nowâ€,y
|GL HF Brothers!  


I'M IN|,y
|Last year I messed on Day 2, this year I'm ready to conquer my demons. 
IM IN|,y
looks like its time again,y
I might be hitting it off with someone this year too cmon man. I gotta stay strong,y
|11 minutes till November first

IM IN|,y
Welcome back all,y
I lost after 19 days but Iâ€™m ready to survive these 30 days â€œcan you feel my heartâ€,y
Iâ€™m back cumrades wish me good luck,y
|Made it to 28 last year, let's try for 31 this year. I'm in.|,y
|Alexa, play Fortunate Son|,y
Godspeed to you all!!!,y
!subscribeme,y
|Last yearâ€™s November was a wild ride

It was a pity that I finished early

Honored to have you boys by my side

Everyone, we will make it to thirty

IN|,y
We got this,y
Just started havenâ€™t failed yet ğŸ˜€,y
And so it beginsâ€¦ march foward all my soldiers,y
Let it begin,y
Good luck,y
Good luck everyone!!!,y
I'm new but i will not be tempted by these online women,y
Into the fire comrades!  Iâ€™m in!,y
1/30,y
|It's officially November where I'm at, so let's all start this month off strong!|,y
SUP FELLAS BEEN A YEAR,y
1/30,y
Oh boy this is the farthest Iâ€™ve ever made it,y
1st timer hoping to make my family proud o7,y
Begun the nut wars have,y
|
Good luck comerades|,y
1/30,y
Good to be back o7,y
Bravo 6 going dark,y
o7,y
Good thing I erased my entire browser history.,y
Sweet,y
I have arrived,y
|Day : 1 , going strong|,y
Good thing I deleted my entire browser history.,y
Good luck everyone,y
Lol,y
|Yeah, Iâ€™m still IN thanks for asking. A little terrified (lol) of this challenge, because I have moved out and live alone and usually like using my time to fap or watch porn or read eroica. What will I do now? Iâ€™m scared to find out. I hope I find something though, otherwise I will not make it through|,y
O7,y
Yoooo,y
Iâ€™m confused. I can assign myself the 2021 flair rn. ???,unknown
First year where I have an exam BEFORE NNN is doneâ€¦ I hope I donâ€™t need the post nut clarity. Iâ€™m in! 1/30,y
Finally. Couldn't wait for this shit.,y
|Fourth year doing this, second year helping and supporting my brothers on Reddit. We got this kings|,y
Good luck comrades o7,y
Good luck boys,y
Good luck everyone,y
Semper Fi cumrades.,y
Last year i failed on day 2 i will actualy try this time,y
So it beg**in**s,y
|iâ€™m
inğŸ˜ˆ|,y
|It is 35 minutes till 12am lads. Iâ€™m not even gonna pull one out, we start now.|,y
|Great to see all of you back in the trenches lads. Lost on the 27th two years ago, on the 26th last year. I'll do my best this year. Godspeed cumrades!|,y
Returning to this environment brings back memories.,y
|I nutted yesterday, I try and do my last nut at least 12 hours before NNN starts. Last year I completed Don't Diddle December as well as NNN, so I'm shooting for that again.|,y
E,y
Ooga booga,y
day one ğŸ¥²,y
Es get it,y
Good luck everyone,y
Let the games cummence,y
1/30,y
|I cummed while I was napping, did I lose?|,y
|First rodeo, honored to be along gentlemen|,y
|Last time I lost on the 29th , letâ€™s get it boys ğŸ˜¤|,y
GOOD MORNING VIETNAM! Good Luck cumrades,y
Let's do this. I'll see you all on the other side,y
EZğŸ«¡,y
goodluck everyone,y
1/30ğŸ«¡,y
I will complete November.,y
I was so busy working on something i forgot to prepare! Good luck my fellow brothers i shall try my best,y
So it begins once again this time Iâ€™ll make it through!,y
I guess I'm starting,y
o7,y
o7,y
sorry Im late but Im in!,y
IM GONNA SURVIVE NNN,y
This yearâ€™s gonna be different. Itâ€™s not just a game anymore. I wanna come out of this more independent and free from this crutch than I have ever been before. Iâ€™m gonna go nofap.,y
1/30,y
|Good luck, soldiers!|,y
o7 good luck boys,y
|I am new here but i'll definitely complete it
My longest streak is 151 days|,y
|WOOOOOOOOOOOO

Iâ€™m back.|,y
Good luck everyone,y
ğŸ¤§RIP my nut,y
this it it,y
|yea, I'm in this|,y
o7,y
|Happy to enlist myself another year. I've failed every single year.

But Nut this year. Nut this year...|,y
Goodluck everyone! Greetings from the Netherlands!,y
Nice,y
|Good luck all, become the best version of yourself|,y
It is that time of year again,y
|Last year when I first tried this I failed on day 2 due to a terrible mistake, but I WILL KEEP STRONG this year. o7 to all the cumrades, good luck|,y
I'm in. I have won last year... And i will be leaving victorious again!,y
|Another year another NNN, I'm glad I got all of my cumrads with me let's do this!|,y
No Nut November Challenge 2K22,y
Iâ€™ve tried for years and I have yet to make it past day 4. Plus I have a schmexy girlfriend. I feel Iâ€™m screwed,y
1/30 o7,y
It me. Let's do this boys and girls.,y
I shall prevail this year.,y
Lessgoo,y
o7,y
o7,y
Lesgo,y
ğŸ«¡,y
Iâ€™m in. Good to see yâ€™all again.,y
Fuck it I'm in,y
I'm gonna complete it this time I swear ğŸ˜‚,y
Stillin,y
|I'm in. Now that I have a girlfriend threatening to try and make me lose, I'm far more motivated to succeed this year.|,y
o7,y
|Comrades , this is my first year being serious about NNN and I will try my best to totally complete it :)

Count me IN fellas :>|,y
|First year of NNN , hoping to totally complete.

I'm totally IN !!|,y
Let's ride,y
|So......

it has begun.|,y
Lessgo boi,y
PRESENT!,y
|God bless all NNN future heroes! (Ğ£Ğ´Ğ°Ñ‡Ğ¸, Ğ¼ÑƒĞ¶Ğ¸ĞºĞ¸)|,y
Letsgoooo,y
I didn't nut since October 30th,y
It has begun,y
Good luck everyone!,y
E,y
Good luck everyone!,y
Onward gents. o7,y
I'm inğŸ¤˜,y
Time to complete this shit once and for all,y
White poop,y
Raise swords jedai,y
o7,y
Good luck cumrades ğŸ«¡,y
1/30,y
Guys last year Icompleted the challange however I couldn't get my verified badge can someone help me with that?,y
I'm INğŸ’ªğŸ’ª,y
Godspeed comrades 07,y
|Ayyyyyy, wassup bois?|,y
This is gonna be a pain but this year I'm winning :),y
Well another year another try let's do it,y
|Good luck everyone, this is a swlf improvement challwnge so be the best verison of yourself|,y
|Good luck, bous and girls!|,y
It's morbin' time.,y
|Good luck, fellow comrades. May the battle begin.|,y
Present,y
one.,y
Still-in,y
|Good to be back ladies and gentlemen, Australia is pumped|,y
|I woke up this morning having forgotten it was November 1st, nutted, then remembered to my horror.

Does this disqualify me?|,y
o7,y
|Another November, another attempt. I can put that Silver NoNutter flair off my shoulders, for I had failed on November 15th of last year... This year, I will prevail. IN|,y
Iâ€™m feelin different this year. IN,y
O7 deployed,y
Going good ğŸ¤ğŸ¾,y
Iâ€™m in !,y
Let it beginâ€¦,y
GOOD LUCK LADS,y
Boys wish you all well o7,y
Good luck comrades ğŸ«¡,y
|going strong. failed early last time, not going to do that again. good luck, cumrades.|,y
Im here and im ready,y
I lost,y
Let'sgo,y
Best of luck. Letâ€™s rock!,y
|Day one
Last year I lost that was but a test run. This year, Nutting will end, at least until december|,y
o7,y
Good luck everyone,y
|Well back at it again, let's see if I can complete the trifecta this year! I think the first year was by far the hardest|,y
|Bravo six, going dark|,y
Good luck everyone o7,y
Iam ready to fight,y
good luck gamers,y
O7ğŸª–ğŸª–,y
Its time,y
1/30 o7,y
|Time to do this, this time Iâ€™m not failing|,y
And so my watch had begun,y
o7,y
LESGEIT,y
O7 fellas,y
Im in !,y
|![gif](giphy||8y8NVqFqhTQVa)

Hopefully I remember to make my daily foraging posts & that everybody will see it.|,y
|Any other special rules, my first time trying the challenge:)|,y
I wish to see you on the other side boys,y
|I'm in.

I committed, no backing out now.|,y
|First official NNN attempt on an alt account bc my main shares a username with other media and it's a little weird for my irl friends to see lol. I tried last year on my own but lost pretty quick, hopefully checking in will give me the accountability I need to do it!|,y
I'm in boyos. On to year two of my NNN streak!,y
signa arc,y
O7,y
ğŸ«¡,y
I'm in! Made it only a well last year. I'm pulling to see all you glorious folks at the end of the month. Standing strong o7,y
Best of luck! o7,y
No Nut November,y
WERE ALL GONNA MAKE IT BRAHS BEST OF LUCK CUMRADES,y
In. I started on the 31st cum-free. I failed last year due to edging. Not making the same mistake twice,y
Present,y
|Ladies and gentlemen.


It's showtime|,y
|last year i failed at 6th day, but this year im more motivated than ever, of course IN|,y
We got this!,y
Good luck to yall,y
Good luck people! o7,y
Iâ€™m going to make it,y
|Let's goooooooooooooooooooo

Goodluck comrads.
 I hope to see you at the end of this.|,y
this gon be the monthğŸ«¡,y
Good luck to everyone!,y
letes geit,y
|This is my first time participating, but i hope to survive with you cumrades|,y
Iâ€™m staying alive,y
1/30,y
First year participating NNN. Let's see how long I can last.,y
Still IN REMEMBER COMRADES DON'T TRY TO EDGE I failed on the 13th last year cuz I nutted by accident while edging,y
Good Luck everyone!,y
Just found this thread and iâ€™m happy i did,y
O7,y
Day 1 ğŸ˜“,y
Iâ€™M INNNNNNNNğŸ”¥ğŸ”¥,y
And so it begins. I'm I for the long haul this year.,y
|Good morning lads, where my OG's at?|,y
Off we go :),y
Present and accounted for. I'm going to make it through this and come out a changed person.,y
1/30,y
First NNN! Wish me luck ğŸ«¡ğŸ¤ğŸ¾,y
1/30,y
I have the spirit and i will win this year!,y
how do you self-assign flair?,y
Good luck comrades may you stay motivated,y
legoo,y
|![gif](giphy||26wkP6n7c8fQJbhVS)

Good luck soldiers o7|,y
Stay strong guys o7,y
|I will repeat what I did last year, even though I have more potential (and quite lovely) teasers this time|,y
Check,y
Good luck men o7,y
Sorry guys. I have failed you allğŸ¥¹ Donâ€™t you dare try edgingğŸš«,y
Iâ€™m in boys. Got a girlfriend this year so idk if Iâ€™ll make it with yâ€™all but itâ€™ll be an honorable discharge if I donâ€™t.,y
im doin it,y
I failed last year but this year Iâ€™m ready to surpass my own weakness! Iâ€™m IN and this time I will succeed!,y
Good to have tall back good luck,y
We got this boys,y
|Gonna make to the end this year, I can feel it|,y
W,y
I'm here to stay,y
I refuse to fail this year iâ€™m IN,y
|and so it started, good luck fellas|,y
I wanna beat my porn addiction this year fellas. I am literally manifesting it this time. Wish me luck!,y
Good luck boys,y
|The Day One.

As always, the first day is really though, but I would need to be really bad at this, to tap out at this moment. I hope for breaking last year's record. GL HF o7|,y
Good luck my brothers. You must resist all temptations; it will all be worth it.,y
|â€œFuck my dick, imma chop it offâ€|,y
Im Back and I'm here to add to my collection,y
I never got my diamond from last year,y
|You sob, I'm IN.|,y
Iâ€™m late but better late than never.,y
I'm here. Let's see how this year goes,y
Frist time participant,y
|I resign by busting on day one, Iâ€™m not strong enoughâ€¦.|,y
fuck it dude lets get this dub. good luck to all,y
|Failed last year because i did it on the first day because i forgot, then gave up cause i already failed. Not making the same mistake this year! I got this.|,y
|First year, letâ€™s ride|,y
let the games begin fellas,y
I'm ready,y
|Another year, another chance to redeem myself. Let's do this lads|,y
Yessss bbby letsssss goooooğŸ’¥ğŸ’¥ğŸ’¥,y
I am goin strong,y
F man.,y
Iâ€™ll try not to fail again!,y
|Welp, 4th year trying this challenge, the past 3 years failed, but I am hopefull.  
IN|,y
Woohoo!,y
|Let the games begin everyone, good luck to all!|,y
woohoo,y
Good luck,y
A,y
o7,y
It has begun,y
o7,y
|One more diamond run, boys.

I made a mistake of emptying yesterday when I didn't really need to; I just thought I should. Would have been happier making this a longer run. Guess that means I'm really just in it for the memes. I might extend NNN to January this year for the heck of it.

Have fun November. And remember to any newbies - keep busy!|,y
Iâ€™m here.,y
|Halloweekend got all the debauchery out of my system. Last year I got halfway, this year I'm going all the way (not like that).

IN o7|,y
|My fellow earthicans, stand with me, to victory!|,y
|this is my second attempt at NNN, i failed the other one haha
hope to resist this time|,y
Time for the best (or worst) month of the year,y
good luck boys,y
|Call this month my abusive step dadâ€™s funeral, because Iâ€™m not coming for either|,y
Last year I fell on the 15th this year I wont,y
Yeah Iâ€™m. Here,y
I am fully prepared to go through this with yall for another year!,y
1/30 down. Thanks guys.,y
Good luck everybody O7,y
Cumrades unite,y
ğŸ«¡,y
1/30,y
å¾ˆå¥½ã€‚,y
A,y
Iâ€˜m IN !,y
M,y
IT HAS BEGUN.,y
I'm here,y
|Once again, the dreaded month of November has started. I do believe I can complete it, as I did last year, but we'll have to see I suppose...|,y
Iâ€™m ready,y
|First day, wishing luck to all of us soldiers.|,y
7,y
it has begun daaamnn,y
Sighâ€¦ Iâ€™ll see you during destroyers December my son.,y
I'm back to conquer another NNN,y
O7,y
|I've failed every other NNN. I got this one though.

IN|,y
9 + 60,y
|Itâ€™s the most wonderful time of year, fellas|,y
I'm in guys.,y
im innnn,y
Tried to masturbate wasnâ€™t feeling it to be honest,y
o7,y
INNNNNNNNN,y
It's time brethren!,y
O7,y
Nice,y
ğŸ‘ğŸ»,y
Came close when I saw a girl crying tho,y
subscribeme!,y
A good day successfully passed !,y
Weâ€™re back!,y
o7 present!,y
|Aiight fellas, I've failed the last couple years cause the wife, she said fuck that, but imma remain strong this year. 

LETS FUCKING GOOOOOOOOO|,y
|I've failed multiple years, but this year I'm going to give it an honest effort. I'm in!|,y
1/30,y
O7,y
|Ah, shit.|,y
07 bois. Found out my crush has a bf so this should be easy,y
yooooooo,y
LetÂ´s do this boys o7,y
Nedim psuje bogove,y
Out. Didnt even know it was november already. FUUUUUUUU the one time I actually wanted to participate.,y
Hopefully this will be the year I don't fail NNN.,y
Survived the night bois,y
HELL. YEAH. BOIIIIIIIIIIIIIIIIIIII,y
i just want the flair,y
ğŸ«¡,y
Oh boy,y
Test,y
Be,y
IM FINNA DELETE INSTAGRAM THAT SHIT WANT ME TO LOSE,y
Got it last yr time to do it again,y
Itâ€™s gonna be tough but I hope Iâ€™ll survive,y
Wish me luck boys,y
1/30,y
I'm ready,y
Good luck to all,y
In! Failed last year but high hopes this year!,y
o7,y
Good luck soldiers,y
Lessgooo,y
|My first November has started.

Thought it would be fun to participate this year,

But these comments are concerning to say the least. 

I'll try my best however, as I've already left as many horny subreddits as I could.

Wish me luck comrades, o7|,y
Letz go,y
|Here again

I will try|,y
|Welp, I guess I'm IN|,y
|Well boys, let's do this!|,y
o7,y
|Aii, guess I'll try|,y
Yea,y
I will not nut,y
LESSSSGOOOOOOO,y
OUT as of 2:37 pm,n
Does sex count?,y
O7 comrades,y
How many people are already out?,y
o7,y
stillin.,y
|The glorious month of November is upon us, may it be a good one for all the brave souls involved! o7|,y
|Good luck everyone, and R.I.P to our fallen brothers... Though their time was short they will always be remembered...|,y
Legoo Bois woot woot,y
I keep forgetting I have this flair,y
Let the show begin I suppose,y
|Out. 

I'm just here for the memes.|,n
yuuuuur,y
godspeed my friends,y
Aighr,y
I'm in this year I'm gonna make it hopefully,y
Iâ€™m here and failed,y
Another year,y
My bad yall,n
Im inn,y
let the show start,y
iâ€™m in good luck lads,y
Hereeeee,y
|First year, yall!|,y
Good Luck Cumrades,y
present,y
|And so it begins, godspeed brothers o7|,y
I'm in. Hopefully mistakes will not be repeated this year. o7,y
|weâ€™re going strong this year, last year i failed the morning of the first day but this year imma edge everyday and see how much i can last|,y
How do you change your flair?,y
Hya,y
Penis I touch everyday mmmmğŸ˜,y
1/30,y
I scared,y
|I had forgotten about NNN until yesterday. I didn't expect to participate, as I don't feel I have anything to prove. But here I am soldiers. There's one good reason if nothing else; for the honor and glory.

Into the trenches!|,y
|im OUT

had a good run, lasted till 3pm :(

i might be out, but im not giving up. ill symbolically do nnn|,n
First year i try,y
It has begun,y
It has begun. Good luck everyone.,y
Damn,y
I didn't nut since October 30th...,y
|I'm in, hope to see you all at the end. Good luck o7|,y
|I failed last time. I was so close, but then I lost.

&#x200B;

I won't make that same mistake again.

&#x200B;

IN|,y
Yeet,y
Iâ€™m IN and Iâ€™m gonna beat it this year. Not like â€œbeat itâ€ but yk,y
Good luck fellas,y
im OUT,n
*cumrades,y
ğŸ«¡,y
Im not ready ğŸ˜°,y
iâ€™ll make it,y
This year it's easy,y
Im out it was my first nnn,n
|Good to be a cumrade, promising myself to survive november this time ğŸ¥œğŸ¤ |,y
hehe,y
This is gonna be a long month huh,y
|I'm fighting everything I can. I even had to Uninstall YouTube kids, but I've made it through the first day|,y
penis,y
|my first NNN.

doing this as a personal challenge.

aiming for the full month.|,y
good luck to all.,y
I'm OUT,n
HAY,y
!!!,y
Present!,y
You son of a bitch Iâ€™m in,y
Stay strong,y
I BE HITHER,y
|looking to repent because porn addiction is fucking me up. sorry for my past mistakes boys.

&#x200B;

Im in.|,y
|Im ready bro!!! November 1st is going smooth, nov 2 might be tricky but i got this!!|,y
Last time I tried this I had a wet dream ğŸ˜¡ğŸ˜¡ğŸ˜¡ NOT THIS YEAR ğŸ’ªğŸ’ªğŸ’ª,y
23 23 20 3,y
Wts up brotherâ€™s good to see you again,y
Private potatoes reporing fpr doodeee,y
whatâ€™s up homies iâ€™m making it this year,y
Instill (the courage within you) lol,y
O7,y
I'm here.,y
o7,y
Present,y
|Rookie on-board, first official year. IM IN!|,y
60 9,y
|First time attempting, wish me luck!|,y
this will be my first NNN wish me luck!!!,y
|8:24 pm reporting ma brothers, my balls hurt probably I have nut cancer or I donâ€™t know but donâ€™t surrender my fellow brothers of I made it you can to.|,y
I only made a week last year ğŸ¥² this time ima give it my best! o7,y
Never made it a full month but I decided to give it another try this year,y
I lost the battle but I will recover and win the war by not nutting till next November,n
good luck boys,y
Stay strong brothers.,y
O7,y
 I might make it through,y
Good luck brothers!,y
o7,y
Alright fuck it Iâ€™m in,y
 I have few questions  regarding no nut Nov  im a girl so does it count  if you were not sexual when you cumed? If you don't know like white stuff comes out girls to clean there pussy   i was not masterbating at all though  I don't  have yeast infection  ok it's  normal  look it up,y
Nut tanks secure,y
am back,y
the oath shall be renewed,y
Good luck everyone,y
See ya all in december fellas,y
Im taking it seriously this year day 1 going strong,y
|We can do this comrades, this will be my year I'm sure of it o7|,y
InnğŸ˜¤,y
I made it through,y
o7,y
|Itâ€™s my first time boys, wish me luck ğŸ«¡|,y
rules?,unknown
First,y
23 23 23,y
This time I swear I'm going to fail,y
God gof,y
Let me join,y
Out,n
Yuh,y
yurrrr you know it,y
|Well, I survived the first day at leastâ€¦|,y
Welcome back brothers,y
Cool,y
first time here wish me luck,y
|Last year, I made it to the 13th. I intend on staying extra busy and winning this year.|,y
Too easy bro,y
2 wins and one loss under my belt. Let's go. I'm ready for anything.,y
Iâ€™m buying a hoodie boys I canâ€™t fail now o7,y
|I lost at 1:00am this morning. Good luck, soldiers!|,n
I'm ready for action!,y
