|Failed after 0 seconds, starting cumming a few seconds before midnight struck, by the time I finished, it was midnight. Mission failed successfully? 

&#x200B;

I'm OUT.|,n
Out,n
It starts,y
LFG bois,y
Good luck my fellow cumrades,y
Good luck from Romania ğŸ«¡ğŸ«¶ğŸ¼,y
|Wow, Nov already. Now the month long journey has started|,y
Hey,y
It begins,y
Let goo boys round 2,y
Welcome back all,y
Iâ€™m back cumrades wish me good luck,y
|Alexa, play Fortunate Son|,y
Godspeed to you all!!!,y
Letâ€™s begin. 12:00 CST.,y
Just started havenâ€™t failed yet ğŸ˜€,y
Good luck,y
Good luck everyone!!!,y
five years now. never won,unknown
Yes sir,y
oh hey,unknown
SUP FELLAS BEEN A YEAR,y
Oh boy this is the farthest Iâ€™ve ever made it,y
Another long journey,y
1st timer hoping to make my family proud o7,y
|Let it begin, and who knows, i might even get merch|,y
|
Good luck comerades|,y
Good luck everyone,y
Lol,unknown
Iâ€™m confused. I can assign myself the 2021 flair rn. ???,unknown
Good luck boys,y
Good luck everyone,y
|iâ€™m
inğŸ˜ˆ|,y
E,unknown
Good luck everyone,y
GOOD MORNING VIETNAM! Good Luck cumrades,y
goodluck everyone,y
I will complete November.,y
I guess I'm starting,y
|Good luck, soldiers!|,y
|WOOOOOOOOOOOO

Iâ€™m back.|,y
Imagine weak people losing,y
Good luck everyone,y
letâ€™s goooo,y
Nice,y
|Good luck all, become the best version of yourself|,y
Lesgo,y
ğŸ«¡,y
och bin inn,y
I'm gonna complete it this time I swear ğŸ˜‚,y
Let's ride,y
Les goo,y
|God bless all NNN future heroes! (Ğ£Ğ´Ğ°Ñ‡Ğ¸, Ğ¼ÑƒĞ¶Ğ¸ĞºĞ¸)|,y
Good luck everyone!,y
E,n
Good luck everyone!,y
I'm inğŸ¤˜,y
White poop,unknown
Good luck cumrades ğŸ«¡,y
I'm INğŸ’ªğŸ’ª,y
Less goo,y
Godspeed comrades 07,y
|Good luck, bous and girls!|,y
|Good luck, fellow comrades. May the battle begin.|,y
Are role calls posted midnight or midday?,y
So it begins... ğŸ’ªğŸ»,y
Less goo,y
Hello,y
|I woke up this morning having forgotten it was November 1st, nutted, then remembered to my horror.

Does this disqualify me?|,n
GOOD LUCK LADS,y
Good luck comrades ğŸ«¡,y
Best of luck. Letâ€™s rock!,y
Good luck everyone,y
Iam ready to fight,y
good luck gamers,y
Yes sir.,y
ez,y
ğŸ«¡,y
Best of luck! o7,y
WERE ALL GONNA MAKE IT BRAHS BEST OF LUCK CUMRADES,y
|Ladies and gentlemen.


It's showtime|,y
Good luck to yall,y
Iâ€™m staying alive,y
Good Luck everyone!,y
Iâ€™M INNNNNNNNğŸ”¥ğŸ”¥,y
First NNN! Wish me luck ğŸ«¡ğŸ¤ğŸ¾,y
Check,y
Sorry guys. I have failed you allğŸ¥¹ Donâ€™t you dare try edgingğŸš«,n
Innnnn,y
|Another year, another round of NNN. Good luck soldiers o7|,y
Hi,unknown
I wanna beat my porn addiction this year fellas. I am literally manifesting it this time. Wish me luck!,y
Good luck boys,y
Good luck my brothers. You must resist all temptations; it will all be worth it.,y
Letâ€™s goooooo,y
Sup,y
|First year, letâ€™s ride|,y
I'm ready,y
Ok,y
F man.,y
Iâ€™ll try not to fail again!,y
|Another year, another war|,y
Aye aye captain!,y
Hey.,y
We ride at dawn,y
Good luck,y
LETS GOOOOO,y
good luck boys,y
|Call this month my abusive step dadâ€™s funeral, because Iâ€™m not coming for either|,y
Hi,unknown
1/30 down. Thanks guys.,y
Lets gooooo,y
ğŸ«¡,y
M,unknown
Iâ€™m ready,y
7,unknown
Sighâ€¦ Iâ€™ll see you during destroyers December my son.,n
|Standing tall, from moment one, hopefully all the way until the last second|,y
Let the pain begin,y
Ez pz lemon sqzy,y
It's time brethren!,y
Yes sir,y
Nice,y
|Aiight fellas, I've failed the last couple years cause the wife, she said fuck that, but imma remain strong this year. 

LETS FUCKING GOOOOOOOOO|,y
HELL. YEAH. BOIIIIIIIIIIIIIIIIIIII,y
ğŸ«¡,y
Oh boy,unknown
Test,unknown
Round three,y
As NNN lasts my power grows,y
Wish me luck boys,y
I'm ready,y
Good luck to all,y
Good luck soldiers,y
|Aii, guess I'll try|,y
|WOOOOOOOOOOOOOOOOOO

YEAH BABY

IT BEGINS!|,y
OUT as of 2:37 pm,n
Does sex count?,unknown
Les goo,y
How many people are already out?,unknown
Hello,unknown
Ay yo,unknown
godspeed my friends,y
Another year,y
let the show start,y
Good Luck Cumrades,y
|Hey. 1st year, actually, 1st day on Reddit. Let's see, where it goes.|,y
Penis I touch everyday mmmmğŸ˜,y
I scared,unknown
Good luck fellas,y
Not dead yet.,y
im OUT,n
ğŸ«¡,y
Hi,y
iâ€™ll make it,y
|i remember 2 years ago i got the silver award

anyway goodluck everyone!|,y
Hello soldiers,y
good luck to all.,y
I'm OUT,n
Hi,y
23 23 20 3,unknown
|Hello I'm back here, good luck everyone|,y
Instill (the courage within you) lol,y
Third timeâ€™s the charm,y
u/JD_Bus_ could you fix my flair please,unknown
|First time attempting, wish me luck!|,y
weebs dying rn,y
good luck boys,y
Good luck brothers!,y
yes,y
less gooo,y
S t i l l  i n,y
STILLL INNNNN DAYY ONE BABBBBBBBYYYY,y
Good luck everyone,y
Hey look another one has arrived,y
Les goo,y
rules?,unknown
23 23 23,unknown
God gof,y
Let me join,unknown
Out,n
It begins:),y
Cool,y
|I lost at 1:00am this morning. Good luck, soldiers!|,n
Out.,n
I'm out,n
|I'm OUT.  
Fuck.

Why God? Why did you have to show me PS1 Hagrid, now of all times?|,n
so you guys know >!gus's death scene!< from breaking bad? thats pretty much what happened,n
Day 2 guys imma fail I'm sorry,n
I'm out as hell,n
Iâ€™m OUT,n
out,n
ez,y
Sup,y
 Mods please change my flair,unknown
OUT but I'm gonna continue cause quitting is for pussies,n
2/30,y
Aye aye captain!,y
Yeah yeah yeah,y
I'm out,n
|Out lads, don't really care anymore sorry|,n
Ez,y
Good morning people,y
it feels impossible,y
It's the second day. I'm not nutting until it's 1st of December.,y
iâ€™m outâ€¦,n
|Unfortunately Iâ€™m out.
Good luck soldiers.|,n
Rock out without my cock out.,y
hi,y
|higher, stronger faster ğŸ˜ˆ|,y
STIILLL INNN,y
lowkey thinking about quitting rn ngl. i can probably handle it but i donâ€™t wanna do this for 30 days. iâ€™m alone too often ğŸ˜­,y
2/30,y
Weaklings get out,y
I'm struggling mannnn,y
|My second "brain" knows what's up, and it's not happy.|,y
Stil innnn,y
|Tried edging, failed|,n
I'm OUT,n
Hello,y
Lol,y
Hell yeah!,y
IM OUT,n
Never surrender,y
IM INNNNNNN,y
Yes sir.,y
lessss go,y
I'm out,n
Hi,y
Innnn,y
Hell yeah!,y
|s
t
i
l
l

i
n|,y
Stilll inn,y
|Best of luck to you gentlemen!

I'm OUT|,n
goin strong,y
E,y
I'm out,n
Hello,y
I'm OUT,n
Ay yo,y
Bro,y
Iâ€™m out,n
im out ğŸ«¡,n
I'm OUT,n
Will these come out midnight each day then?,y
Less goo bois,y
Iâ€™m out,n
2/30,y
Not out yet,y
LFG!!!,y
DONT BEAT YOUR MEAT,y
Calling rolls,y
2/30,y
ez,y
Hell yeah,y
*pls help i cant hold on much longer*,y
Iâ€™m out. ğŸ˜¬,n
|Not bad

-last words said before disaster, 2022 (colorized)|,y
|Easiest day ever, 1/10|,y
OUT,n
å¾ˆå¥½,unknown
Out on November 1st...fml...,n
2/30,y
IM OUT,n
hello,y
yes,y
|Im OUT

The gf was determined to make me lose. Its sorta honorable since this stuff rarely ever happens|,n
my hands are S T I L L   I N my pp.,y
Les gooo,y
I'm OUT,n
Im out,n
Hello,y
|Out

Canâ€™t believe it|,n
2/30,y
I'm OUT sorry yall,n
N,y
Im Out,n
INNNNN,y
Yes,y
Iâ€™m seeing it through all month letâ€™s do this guys,y
Red 5 standing by,y
Stil innis bitch,y
Stilll inn,y
Girlfriend woke me up with sex. I'm out ğŸ˜‚ that didn't last long. Sorry m8s,n
Iâ€™m out lmao,n
I'm addicted,unknown
chillin,y
Yes,y
yo,y
|Good luck, Cumrades|,y
Out,n
Steel Inn,y
Yo,y
Iâ€™m out,n
I'm out... I have failed... I wish I had today's assistance beforehand...,n
I'm sorry.,n
INNN,y
Yo,y
|yo

part 3|,y
|holding out, hoping to past the 8th, beat my record.|,y
Out.,n
I'm out. I will be attending NNN "lite". I failed because of my wife! But I will not touch myself until the end!,n
INNNNNNN,y
I'm Out and so ashamed,n
Iâ€™m inğŸ—¿,y
Love does strange things to ones mind im out good luck cumrades,y
I havenâ€™t coomed.,y
I'm out,n
this challenge kinda fun ngl,y
yes,y
Weaklings get out today,y
OUT November 2nd,n
Out november 3rd,n
Hell,y
Good luck,y
7,y
STILLLL INNNNNNN,y
ğŸ‘,y
I'm OUT,n
Ez,y
Out,n
I'm out,n
Stillllllll innnnn!,y
yes,y
Yeah,y
Im out,n
Iâ€™m out. Sorry cumrades.,n
Understand me!!!,y
Thursday November 3rd Iâ€™m so close to failing brothers help,y
Pp,unknown
Hello,y
November 3rd CST. Going strong.,y
Hi :),y
ok,y
I failed. Sorry soldiers,n
SIR YES SIR!,y
|I'm out, good luck âœŒï¸|,n
Reporting for duty officer ğŸ«¡,y
|welp, I'm out|,n
I'm out (more info on my post),n
Ok,n
|OUT November 3rd. 
edged on day 2 and thought i was invincible|,n
Out,n
Iâ€™m out,n
Hello cumrads,y
Nice ah jek,y
Iâ€™m out. I shouldâ€™ve never watched that BCS Kimâ€™s feet compilationâ€¦,n
|Iâ€™m OUT

I truly fucked up yesterday. Hopefully the damn horniness of puberty will be gone by next year NNN.|,n
IM OUT,n
sorry im Out,n
Dont Beat it (Beat it) Beat it (Beat it),y
I'm OUT,n
Nice,y
Hey hey,y
|Third day of battle, actually didnâ€™t felt any need. Keep yourself distracted, guys!|,y
|Im out. Sorry boys, dont know what got into me|,n
Why does mine say out? I'm confused,y
STILLL INNN LADSS LETS FRICKIN GO,y
Turns out being sick helps distract you from the urges so there's that benefit at least,y
three.,y
out november 3rd,n
I'm OUT,n
|Iâ€™ve fallen, Gentlemen. I will try to go until December 3rd to make the most of this challenge. Next year hopefully I donâ€™t make the same mistakes. I will be 17 next year.|,n
Out Nov 3rd,n
|Hello fellow non nutters, I love not nutting. this is so hard!|,y
good luck,y
yes,y
I endure,y
Yes waltuh,y
Adhuc Stans!,y
My brain,y
|Sorry boys, girl came over couldnâ€™t help it :(|,n
|Just lost. Out November 3rd, better than last year at least|,n
OUT ğŸ˜¢,n
I'm out,n
Sup,y
Not busted,y
OUT,n
Stiiillll innnn! ğŸ˜¤ğŸ˜¤ğŸ˜¤,y
Iâ€™m out,n
INNNNNNN,y
I'm OUT,n
Nov 3 reportingğŸ«¡,y
|Sex counts right? Also, Iâ€™m edging ğŸ¤·â€â™‚ï¸|,unknown
all good,y
Dang Iâ€™m out,n
|I'm OUT, fell into edge trap 

GL o7|,n
Out.,n
Out fuuuuuck,n
|I'm barely holding on, so instead I cried|,unknown
Im out  sorry cumradesğŸ˜­,n
|I'm OUT

whoops|,n
|Well, does it count if i started on the 3rd of november and last until december 3rd instead?|,unknown
Early af.,y
Sup,y
Being sick at the beginning of the month really helps,y
Iâ€™M OUT,n
|Iâ€™m not ashamed or anything, i stand behind my decision; Without making any excusesâ€¦..this year Iâ€™m out.|,n
|Iâ€™m OUT

Manâ€¦ what do I do?|,n
I'm OUT,n
Surviving,y
stilll herr,y
|I'm Out , let's do this again next year.|,n
|Sorry boys, i'm out, i couldn't rezist, my gf....|,n
|Out, it's been an honour|,n
Yes sir.,y
YO,y
|struggling,bad moods|,y
Iâ€™m IUT,n
Iâ€™m OUT,n
Iâ€™m out ffs,n
|Temptation is strong, resist|,y
Im OUT,n
 My brothers fellow soldiers as of about an hour ago Iâ€™m out Even the horrible storytelling of arrow couldnâ€™t keep me busy,n
yes,y
Strong as usual,y
Sitll INğŸ‘€,y
Innnnn,y
|I'm out

Don't fucking edge|,n
I'm out,n
Iâ€™m sorry fellow soldiers I have failed Iâ€™m out,n
Im OUT,n
Im out Bois,n
hello,y
OUT and I regret nothing.,n
|i failed...

im out|,n
Iâ€™m out! Made the mistake of spending too much time on TikTok,n
I'm out,n
I'm OUT. Twas early on the 4th day around 2,n
Iâ€™m OUT,n
I'm OUT,n
|Private Jones log 

11/04/2022

7:27 hours est

As I bleed out against this redwood, I see our fellow comrades on the other side. Never thought it would happen to me. Thought I was stronger than them. I'm glad to see them again. I missed them. I'm OUT. Out of words. Out of thoughts. Out of respect for myself.  Goodnight.. o7|,n
My balls hurt but that's okay,y
|Out.

Not because I edged or anything, turns out when your in a depressive rut you lose libido as well as motivation not to masturbate. So ya, I'm out on purpose. Good luck guys.|,n
Leeez goooo,y
Present please,y
Immortal temptation,y
Surprisingly I havenâ€™t had any urges yet,y
IM OUT,n
Iâ€™m out,n
I'm OUT :(,n
I'm sorry guys. Gf was horny ğŸ˜,n
Iâ€™m Out,n
yes,y
I'm out,n
Innnnn,y
Iâ€™m out,n
ğŸ—¿,unknown
letâ€™s keep up the good work ! been working out more recently it helps a lot,y
Iâ€™m late! Havenâ€™t nutted since Halloween though,y
|Well i lost, i will try not to fap december 4th now i guess, wish you luck o7|,n
I'm out,n
why is everybody writing poems lmao,unknown
I'm OUT. I'm gonna go lick my wounds over at nofap,n
Iâ€™m out ğŸ˜¬ğŸ˜¬ğŸ˜¬ğŸ˜¬,n
dont edge dont FUCKING edge cpmrades,unknown
|i used reddit to masturbate, now iâ€™m using it to fight myselfâš”ï¸|,y
|Iâ€™m OUT
Wife wanted to have sexâ€¦
Â¯\\\_(ãƒ„)\_/Â¯|,n
Guys Iâ€™m bout to do it,unknown
|Edging is such a bad idea...

I'm out|,n
Iâ€™m OUT,n
Om OUT,n
oh hell i forgot the 3rd!!!,unknown
STIL INNNNNNN,y
I'm OUT. It was getting too unironic,n
Out.  Wife got me.,n
Try again,unknown
I'm OUT,n
ez,y
i failed.,n
Iâ€™m out. I am sorry,n
I'm OUT,n
|Yo, staying alive|,y
Im out,n
Out,n
Iâ€™m out,n
INN,y
i'm OUT however it's the 5th for me,n
I'm out,n
STIL INNN,y
|Im OUT november 4th
gg|,n
|I wasnâ€™t strong enough brothers, good luck|,n
im out,n
Iâ€™m out âœŒï¸,n
|I'm OUT
sorry cumrade|,n
7,y
Out ğŸ˜”,n
I'm OUT,n
Not out yet,y
Damn I'm out,n
Iâ€™m done I couldnâ€™t hold out tell day 5,n
Iâ€™m out :(,n
|![gif](giphy||GRSnxyhJnPsaQy9YLn)

STILLLL INNNNN|,y
|I weep

Iâ€™m OUT|,n
Avenge meâ€¦. bleh x.x,n
Iâ€™m OUT,n
Yes,y
All good,y
Oh fuk,n
four.,y
Iâ€™m sorry cumrads but Iâ€™m out however I will improve for next year mark my word,n
Iâ€™m outâ€¦,n
F,n
I'm out.,n
Hey daddies ğŸ˜,y
|Iâ€™m OUT
My bad ğŸ˜¬|,n
|out \[edit: nov 5\].

decided to skip this year to not be bothered about being horni while revising and shit, got a lot of exams going on

imma re-participate next year

stay strong cumrades|,n
I'm OUT,n
I'm good.,y
Im out!,n
Iâ€™m OUT! due to self hate i failed another year good luck to everyone you have my final goodbyes,n
Im out :(,n
aye aye captain,y
Iâ€™m OUT,n
I'm out.,n
Yo please change my flair plz I canâ€™t do it myself,unknown
|Another day has

Passed by. Weâ€™re one step closer

To victory, guys.|,y
|Pain is temporary, pride is forever!|,y
Iâ€™m out,n
7,y
|Ah, fire emblem girls got me. I'm out :(|,n
You did 1/6 of the challenge. So 16% done.,y
out november 4th,n
I'm out,n
I'm stealin' man,y
Iâ€™m Out. donâ€™t edge. not worth it AT ALL,n
RIP Iâ€™m out :/,n
I'm OUT,n
Fuck,n
|Out, one of the only ways I can release stress|,n
Iâ€™m outâ€¦,n
|Iâ€™m OUT (please be stronger than me, guys o7)|,n
Out,n
high five,y
Day 5 asking to change the 2021 calendar away,unknown
Hi,y
|I'm OUT

Edging slew me my brothers.|,n
|Unfortunately, I amâ€¦Outâ€¦. IM OUT :(|,n
I'm out :(,n
five.,y
Out,n
|Iâ€™m OUT. Turns out NNN was fun the last two years not because of the challenge itself, but because of friends I participated with. Good luck, everybody.|,n
|I'm out, blame my gf|,n
OutğŸ˜”,n
Im out. Too much,n
|dogs

are

cool|,unknown
Iâ€™m OUT,n
Yo,y
innn,y
Im OUT,n
STILLL INNN LETSS GOO LADSS,y
Iâ€™m out :(,n
Out November 5th,n
Stiiiiiiiill innnn,y
Sti l l I N,y
|MAN DOWN!
I failed this morning lads, Iâ€™m out.

â€˜til next year cumrades o7

Keep marching on.|,n
I'm OUT :(,n
Inner Peace,y
|Yeah nah, I'm out. Was worth it|,n
Iâ€™m out.,n
I've Fallen cumrades 07  I'm Out,n
im out ğŸ˜,n
Iâ€™m out,n
Out November 5th.,n
I'm out,n
|*crawls slowly forwards*

s t i l l  i   n   SIRRrrr...o7|,y
Sad to report OUT November 5th o7 good look guys,n
Out,n
Sadly i have failed you all early this morning. Im Out.,n
Iâ€™m out :(,n
Iâ€™m out.,n
Out,n
Out.,n
Out!,n
Out. I'll get em next year. O7. Good Luck Lads,n
Not nutting is pretty fun,y
Iâ€™m out..,n
|I'm OUT.
You can probably guess what happened.|,n
Im out,n
I'm out ğŸ¥º,n
|Out of my business trip and back into the dangerous territory of home, wouldn't want to have it any other way.|,n
Inn,y
I m out O7,n
Yes sir!!,y
I GOT OUT ğŸ˜­,n
Iâ€™m out,n
I gave up,n
Stilll inn,y
Nice,y
Out ğŸ˜,n
Im OUT,n
Out,n
I feel disgusted if myself. I'm OUT,n
|Iâ€™m out

Sorry.|,n
I'm OUT,n
Anxiety got me by surprise. I'm out. Sorry brothers. O7,n
Iâ€™m out lol,n
Regretfully I'm out,n
Regretfully I'm OUT,n
|I'm out day 5, I wasn't planning on a particularily high score this year due to exams being very very important and stressful this year so I didn't want it to get in the way. I believe next year will be different tho :)|,n
Innn,y
Made it further than I thought I would tbh,n
Iâ€™m out,n
Yo,y
Iâ€™m out :(,n
|Fuck, edging went too far and I nutted after stopping. Im Out|,n
|I'm OUT
sorry fellas, lost at day 5 while edging. see you next year...|,n
hi,y
EZ,y
Iâ€™m Out,n
I'm OUT :(,n
5 days without nutting. feeling good,y
fuck,n
Got lucky when I went out clubbing. Im out bois,n
Nuts hurt,y
I'm out ğŸ˜¥,n
Iâ€™m OUT o7 good luck everyone,n
|Status: on a mission, target: december|,y
Iâ€™m out.  Sorry all.,n
Hey,y
INNN,y
Hell,y
Ok,y
|Standing rooted, nutless, powerful|,y
Ooooooooppppppsssss! I failed,n
Not dead,y
out,n
Iâ€™m out :(,y
Stiiiilllll innnnn!!!!! ğŸ˜¤ğŸ˜¤ğŸ˜¤ğŸ˜¤ğŸ˜¤,y
Iâ€™ve fallen ğŸ˜”,n
im out,n
Im out from nov 6 in my timezone. Good luck fellas.,n
I'm out.,n
ğŸ«¡,y
six.,y
Iâ€˜m OUT,n
|Sorry guys, I edged.
Iâ€™m OUT o7|,n
Im OUT,n
|I'm OUT.

The urge became too strong, and I have failed you all. I'm sorry.|,n
|Alas, i have fallen. OUT.|,n
Im out! We will get em next time bois,n
Out.,n
Im OUT ğŸ˜­ğŸ˜­ğŸ˜­ğŸ˜­ğŸ˜­ğŸ˜­ i couldnt resist temptation but i will continue to try and finish nnn semi victorious,n
Hello,y
LETS GOOOOO,y
Out ğŸ˜,n
Iâ€™m out,n
I canâ€™t believe I lest this king. Holy hell.,n
Nurse Notes Nuts,unknown
I'm out,n
Am Out. I nutted. Sorry guys. I didn't feel like continuing the challenge.,n
lost,n
INNNNN,y
|There's something happening here
  
But what it is ain't exactly clear
  
There's a man with a gun over there
  
Telling me I got to beware
  
I think it's time we stop
  
Children, what's that sound?
  
Everybody look, what's going down?
  
There's battle lines being drawn
  
Nobody's right if everybody's wrong
  
Young people speaking their minds
  
Getting so much resistance from behind
  
It's time we stop
  
Hey, what's that sound?
  
Everybody look, what's going down?
  
What a field day for the heat (Ooh ooh ooh)
  
A thousand people in the street (Ooh ooh ooh)
  
Singing songs and they carrying signs (Ooh ooh ooh)
  
Mostly say, "Hooray for our side" (Ooh ooh ooh)
  
It's time we stop
  
Hey, what's that sound?
  
Everybody look, what's going down?
  
Paranoia strikes deep
  
Into your life it will creep
  
It starts when you're always afraid
  
Step out of line, the men come and take you away
  
We better stop
  
Hey, what's that sound?
  
Everybody look, what's going down?
  
You better stop
  
Hey, what's that sound?
  
Everybody look, what's going down?
  
You better stop
  
Now, what's that sound?
  
Everybody look, what's going down?
  
You better stop
  
Children, what's that sound?
  
Everybody look, what's going down?

&#x200B;

&#x200B;

Still In|,y
out im sorry guys,n
|Im out
Sorry guys i did my best. This year my girlfriend did not let of.
But you all get it. See you next year o7|,n
Should be nice,y
LESS GOO I SURVIVED 6 DAYS,y
|6/30, I've learned that nutting causes bad skin, gave me motivation to continue.|,y
Sweet fuck weâ€™re 20% there already. Hell yeah.,y
|I'm sorry, but i have fallen|,n
Im out,n
Iâ€˜m OUT,n
Oh un siamo qua,unknown
I'm OUT ğŸ˜­ğŸ˜­ğŸ˜­,n
i'm out,n
|Well, After 5 days Iâ€™m out lads. Honourable discharge at least|,n
Out,n
|Hi hi welcome back me, 1/6 of the month done.|,y
Iâ€™m out boys,n
I'm OUT FUCK,n
me out but i will try and continue from today onwards :D,n
I'm Out.,n
I'm Out.,n
out,n
Waiting for u/SmallDickBigCum to bestow his wisdom upon us,unknown
|It overwhelmed me. I'm out. Sadge. Next year, I'll come back stronger than ever tho ğŸ’ªğŸ»ğŸ’ªğŸ»|,n
7,unknown
My nuts hurt.,y
Hello,y
I'm OUT,n
I'm OUT,n
im out,n
Iâ€™m OUT ğŸ˜”,n
Iâ€™m out o7,n
I fucked up. I'm out.,n
Iâ€™m out :(,n
Beans,unknown
I'm OUT,n
Iâ€™m OUT,n
|Ah fuck. Iâ€™ve fallen. It was nice fighting with you, soldiers. See ya next year. o7|,n
I'm OUT,n
Out last night,n
|I'm Out

Next year for sure|,n
Stillllllll innnnnnnnn,y
|I'm out guys, I'm sorry|,n
The journey gets rough soon.,y
I lost ğŸ˜. Out November 6th,n
Iâ€™m out,n
E,unknown
I'm out,n
ez mode tbh,y
Bin reaper 3 out now,unknown
I'm out like gout ğŸ‘‰ğŸ˜ğŸ‘‰,n
Yo,y
To yo yo,y
Iâ€™m OUT,n
Iâ€™m out,n
innn,y
24,y
Iâ€™m OUT,n
INNNN,y
Canâ€™t die,y
Yes sir,y
|Welp, I'm OUT. Sad times|,n
I'm OUT,n
Yo,y
Iâ€™m OUT,n
Zero nuts,y
Out,n
I'm out ğŸ˜”,n
iâ€™m out,n
Iâ€™m out,n
Hello,y
|I'm out fellows, the weekend got me, we'll try again next year! See you then and best of luck to those who remain!|,n
Yes,y
out on the 4th,n
|Iâ€™m OUT

The struggle bus was real|,n
I'm OUT,n
Iâ€™m OUT,n
Iâ€™m out :(,n
|well, see ya next year. I'm OUT.|,n
I'm OUT ğŸ«¡ğŸ˜”,n
IM OUT,n
Yes sir!,y
|o7 Bois.

 Couldnâ€™t hold the Girlfriend off forever.|,n
Out,n
Hello,y
i will survive til the end,y
Iâ€™m out,n
Iâ€™m out,n
Im out :(,n
failed,n
|Nov 6

Got a haircut and made gyoza.

Thats it|,y
|welp i'm out

will try to go the rest of the month for fun but i'm out|,n
failed,n
Lmao Iâ€™m addicting to watching bleach and Overwatch,unknown
|I'm OUT
:(|,n
Out via honourable discharge. Didnâ€™t see my gf for a while because I was sick and one thing led to another. Stay strong everyone!,n
I'm out. I suck,n
Iâ€™m out on the fourthâ€¦ the weekend was too tough,n
Out....,n
Day six workout fix,y
Stop smoking weed youâ€™ll thank me later,unknown
|Out, damn it|,n
Failed,n
she made me lose...,n
|I'm OUT
don't edge!!!|,n
Fuck out,n
I'm out.,n
Iâ€™m OUT,n
y,y
Pain,y
Yes,y
|I'm OUT

&#x200B;

bro fuck this challenge i'm not even ashamed bro|,n
|I'm OUT, whoever sees this just please.. don't edge|,n
Iâ€™m out,n
I'm out,n
Fuck,n
Im so high. StillIN,y
Iâ€™m out brothers o7,n
|I have fallen  
The horny demons got me  
Out :')|,n
Im out. Im sorry I failed you all,n
Iâ€™m out.  Continue the fight o7,n
Sorry to report that I'm out,n
|Im sorry guys, i got too horny, im out.|,n
|Im out 
At least I had sex 
Drive on fellow cumrades o7|,n
|I'm sorry, boys. I have failed you all. Til next year. o7

u/NNNExecutioner I summon you to fulfill your oath.|,n
Out ğŸ˜”,n
Im Out,n
OUT November 6th,n
Out guys. See you next year,n
Shit. Well Iâ€™ll do Donâ€™t Diddle December. Good luck to the rest of yâ€™all. o7,n
Pain,y
7,y
Hi,y
Out.,n
|Iâ€™m OUT

Iâ€™m sorry brothers 

Best of luck to the rest of you o7|,n
Iâ€™ll try to make it to silver.,y
Truly incredible,y
OUT,n
ğŸ«¡,y
I failed guysâ€¦.,n
|Started at Oct 31 12:00AM
Out at 12:45AM Nov 7
Cause looking at porn

Private Lilfuggery out o7|,n
|Bronze time, ez ğŸ¥±|,y
I'm out.,n
I'm OUT,n
|I'm sorry, I couldn't help it I was stressed out and needed it. 

I'm OUT|,n
Im out,n
OUT November 6th,n
I'm OUT,n
Am out.,n
Iâ€™m out,n
Iâ€™m OUT,n
Out. Im sorry bois. Honorable discharge.,n
|I'm OUT

late to post this as i was out on the 5th|,n
Iâ€™m out ğŸ˜”,n
Yo,y
Hell,y
|Baked bread, made pasta, played music, created a louvre hinge. Productive af|,y
I'm out,n
|I'm OUT. I didn't mean to, but it happened.|,n
INNNN,y
|gentlemen, i'm officially out on oct 7th , i was too weak to control my urges|,n
Iâ€™m out,n
Iâ€˜m OUT,n
|Iâ€™m out Iâ€™m
Sorry everyone I have failed!|,n
Im out ğŸ˜¥ğŸ˜¥ğŸ˜¥ğŸ˜¥ğŸ˜¥ğŸ˜¥ğŸ˜¥ğŸ˜¥ğŸ˜¥,n
I'm OUT,n
I'm OUT,n
Im out.,n
I'm OUT,n
I'm out :/,n
|![gif](giphy||YWb3YoY8TolYuMpRc8||downsized)

Iâ€™m out.|,n
Iâ€™m OUT,n
Iâ€™m  OUT,n
Out,n
Ez,y
Iâ€™m OUT,n
im out,n
|I am sadly out fellas, continue the fight without me|,n
Struggling ğŸ¥²,y
ğŸ—¿,unknown
I'm out.,n
I'm out...,n
Im so sorry. Iâ€™ll do it myself. u/NNNExecutioner Iâ€™m out.,n
|Iâ€™m so sorry cumrades I have failed to all of you, Iâ€™m out :(|,n
|I'm OUT 

Sorry lads cya next year :/|,n
Inner,unknown
Im OUT,n
I'm out. Couldn't survive the weekend. Couldn't post earlier because of server issues. Stay strong fellow brothers. o7,n
|Im out! Failed with my girlfriend, see ya next year|,n
Hey,y
Inn,y
Im out,n
Out ğŸ˜”,n
INNNNN,y
s t i l l  i n,y
I let my nuts hang.,y
innnn,y
Iâ€™m OUT,n
Stillllllllllllll INNNNNNNN!,y
I'm OUT too,n
OUT. I have failed you all,n
|Yeah I'm out, sorry boys, maybe next year.|,n
|Iâ€™m out, boys.|,n
Am out,n
j.d bus,unknown
Out sorry guys,n
Iâ€™m out boys.,n
|Why does everyone 

Always write poems itâ€™s weird

So hereâ€™s a haiku|,y
I'm out,n
Innnn,y
I'm OUT,n
Iâ€™m out,n
I'm out,n
Out,n
|I'm out, Continue the fight

Brave ones!|,n
I'm OUT :(,n
Week one? Light work.,y
out,n
I'm OUT!,n
Iâ€™m out. O7,n
Falling weak on my knees,y
im out,n
Bro â€¦,unknown
STI INN!,y
I'm OUT,n
I'm OUT,n
|I made a mistake, Iâ€™m OUT :(|,n
I'm OUT,n
I'm out :(,n
I'll be out very soon,y
Iâ€™m OUT,n
|I'm sorry, I'm out|,n
Iâ€™m OUT ğŸ˜”,n
STILLL INN LETS FUCKING GOO LADSSS,y
|I'm out, sadly. Anyone who sees this, seriously, don't edge.|,n
Ok,y
INNNN,y
IM OUT,n
|First year lasted a week, Out ğŸ˜…|,n
Iâ€™m OUT,n
Y,y
I'm out ğŸ˜“,n
Fortnite battle pass,unknown
|I'm out, nov 7th|,n
I'm out,n
OUT November 7th,n
STILLLLLL INNNNNN!,y
|I'm sorry mine brethren, I've failede you, I'm sorry, but I'm OUT|,n
D,unknown
S t i l l  i n,y
out :(,n
|BRONZE MAN

WE MADE IT TO BRONZE

APES TOGETHER STRONG

 s t i l l.  i n.|,y
I'm out,n
Made it to bronze.,y
I'm out. I'm sorry brothers I have fallen,n
I'm out..,n
I'm OUT,n
I have failed. Iâ€™m OUT,n
I'm OUT,n
Iâ€™m out o7,n
LETSGOOO BRONZE,y
Iâ€™m OUT :(,n
Iâ€™m OUT,n
Mission failed thanks to a god damned pop up ad. Iâ€™m out,n
iâ€™m out,n
I'm OUT sorry cumrades,n
I'm OUT,n
 s t i l l  i n,y
7,y
 Iâ€™m out,n
|Sorry, I failed

My fellow soldiers, avenge for me!

Officially I'm OUT

F|,n
Hey yo,y
I'm OUT,n
eight.,y
Iâ€™m OUT :(,n
|Iâ€™m OUT

I got to visit my long distance girlfriend and couldnâ€™t resist. At least I didnâ€™t lose by myself like the years past.|,n
Iâ€™m OUT,n
|im out 

sadly 

I'm out t year 

I must pass|,n
OUT,n
Yes sir,y
|Out. Literally got so bad, I couldn't sleep.|,n
Iâ€™m out,n
I'm OUT sorry bois,n
Yo,y
|I'm out... the girl I was competing with won and mad me fail... at least I finally made it to Bronze this year. It's been an honor, friends. I'll try to make sure this only happens once during the month tho|,n
Iâ€™m out,n
|Out Nov 8
But that's still an improvement considering my previous streak was 2|,n
Im out......,n
I'm out,n
O un so qua soldiers,unknown
Iâ€™m out. Sorry I failed the mission. Will try again next year.,n
|I'm out, boys. . .

As sad as it is, it's the longest I've ever made it, so I'm proud of myself. Hopefully next year I get silver?|,n
OUT. I shall come back stronger next year.,n
|Im sorry brethren, I've failed you. I'm OUT

I am proud to have fought alongside you, good luck men|,n
iâ€™m out,n
I'm OUT,n
I have failed ğŸ˜­,n
passed,y
Whatever do you mean? It's October 39th,unknown
I lost Iâ€™m sorry,n
|And Iâ€™m out 

Day 8 bye|,n
Hope to see you all next year,y
I'm out,n
o/,unknown
Iâ€™m sorry soldiers. I have dishonoured u,n
|Decided it's worth switching to once a week to get those consistent T-spikes (or maybe it's just placebo, who knows)

OUT|,n
Hmmm,unknown
I'm OUT,n
Iâ€™m out,n
Iâ€™m out,n
I'm OUT,n
Innnn,y
Out on 8th Nov.,n
Lol im out,n
|Delete instagram my dudes, deletee itt. Its not worth it. 
Iâ€™m OUT|,n
Iâ€™ve fallen. ğŸ˜”,n
I Lost the fight cumradesâ€¦ Iâ€™m sorry,n
I'm out,n
Iâ€™m Out day 8 ğŸ˜•,n
|Trying to beat last year's two week streak! Sounds pathetic typing it out, guess that's all the more reason to win.|,y
iâ€™m out,n
Out sorry comrades,n
Reporting for duty fellas,y
Iâ€™m out,n
Stillll innnnn,y
out :(,n
|And thatâ€™s it folks, I have succumbed to the nut. Iâ€™m sorry I failed you all. Iâ€™m OUT.|,n
Im out,n
INNNN,y
Im out,n
Im out,n
Iâ€™m outâ€¦,n
Out,n
Iâ€™m Out,n
I'm out,n
I'm OUT,n
|I'm out ğŸ¥²
Stay strong soldiers! ğŸ’ª ğŸ˜­|,n
Iâ€™m OUT :(,n
I'm out,n
I'm out,n
Fuck.,n
7,y
Stilll innnnn,y
|DATE: 8/30

STATUS: Still here, fellas.

NOTES:

The Birds of Hermes was his name

And watching him keeps me tame|,y
Iâ€™m out unfortunately,n
|Well... After a 2 year streak, im out. I might be knocked out, but i don't intend to stay out|,n
|I'm out on honorable discharge!

Continuing on with no porn and masturbation!|,n
|Iâ€™m out boys
Go on without me|,n
L,n
Les gooooo,y
|I edged :(

I'm OUT|,n
8/30,y
|I fell, the demons are stronger than me, tell my family i loved them and good luck to you soliders...|,n
7,y
|I'm out. Honestly not even upset, I really enjoyed not jerking off, I think I'll just do this a lot more often. I'm gonna try and finish out the month.|,n
ğŸ—¿,unknown
IM OUT FUCK,n
Iâ€™m OUT,n
|I'm sorry soldiers, I am officially out.|,n
I'm out.,n
|I'm out

Got drunk and edged

You shouldn't drive a car or handle a dick when under influence|,n
I'm out November 8thğŸ˜”,n
I'm out,n
|Iâ€™m out and have been out since the 7th ğŸ˜” 
Iâ€™ll win next time|,n
I failed,n
The executioner falls,n
Iâ€™m out ğŸ˜”,n
Iâ€™m out,n
INNNNNN,y
|Out, shit shot to my chest|,n
|I'm OUT
I can't believe i gave up so easy...|,n
|OUT, it's been an honor, comrades|,n
I'm OUT,n
Im out,n
|Im out 

Cya|,n
Iâ€™m OUT,n
Yo,y
So calm! Much better than last year. The ten-day preparation is something Iâ€™ll certainly do next year as well.,y
|Okay so i failed. Hit too many foul balls over the edge, then had one strike and I'm out.|,n
Out,n
Im out,n
out,n
|\*sigh\* welp boys, I'm out as of today. Couldn't control myself. Feel ashamed, but I'll try better next year. :(|,n
Iâ€™m out.,n
failed out,n
Iâ€™m sorry brothersâ€¦,n
8/30,y
Iâ€™m out,n
Iâ€™m out,n
Iâ€™m OUT,n
|I have fallen cumrades, I wish you all the best of luck. See you next year o7|,n
I'm OUT,n
|Iâ€™m out, sadly.|,n
Innnnnnn,y
|Well gentlemen, Iâ€™m OUT|,n
Iâ€™m out,n
LFG,y
Avenge meeâ€¦..,n
|Out! Ah well, shooting for silver next year.|,n
I'm Out,n
|On day 9 I fell

Into the porn filled hell

Its been quite a bout

But comrades I must admit I am out

TL;DR: Out Nov 9th|,n
I'm out,n
I'm out ;(,n
|I'm OUT, not a fan of how anti-porn this sub has become|,n
|Wet dream and I'm out!  


C'est la vie.|,n
|Iâ€™m out, sorry guys but my girl was getting pissed. Good Luck|,n
Thereâ€™s always next year. Iâ€™ll try to make it to December 8th. Stay strong cumrades!,n
|Sorry guys, but I wasn't gonna let an internet challenge prevent me from having sex. I'm Out.|,n
hi,y
O,unknown
I'm out,n
Iâ€™m out my fellow soldiers until next time ğŸ«¡. Stay strong for me.,n
|Iâ€™m out ğŸ˜¢

You guys got this! Avenge me!|,n
I'm OUT,n
|Out :(   


BUT!   


Made it further than I did last time, and I think I will honestly continue going this month, because if we give up after failing, then that is truly the biggest failure.|,n
Adhuc stans,unknown
Iâ€™m innnnn,y
7,y
Out nov. 8. Keep going,n
Iâ€™m OUT ğŸ˜”,n
I'm out ğŸ˜”,n
|Why does everyone rhyme?

Thatâ€™s kind ofâ€¦ uhâ€¦ lime?|,y
Regret.,n
Iâ€™m out ğŸ˜­ sorry brothers I was not strong enough,n
I'm out,n
I'm OUT.,n
Im OUT. FUCK,n
Iâ€™m sorry soldiersâ€¦ but I failed,n
I'm out and patiently waiting for next year,n
iâ€™m out,n
WASSUP WASSUP HOMIES TOUCH YO PENIS YOU DIE,y
out november 6th :(,n
|Out, Nov 9th|,n
Im Out! Damn,n
Iâ€™m out (RIP),n
|Out November 9th
Donâ€™t edgeâ€¦ trust me|,n
Stillll innnnn,y
Day nine and Iâ€™m having difficult time holding temptations backs,y
|I failed you, and myself :( Iâ€˜m out|,n
|I failed... Sorry

OUT Novermber 9th|,n
Yea uhm sex with wifeâ€¦ weâ€™re both out,n
I'm OUT,n
Im out... the urge got to me see u guys next year,n
I'm OUT,n
S T I L L.   I N !,y
|I'm OUT, sorry bros will see you next year|,n
INNNN,y
I'm sorry cumrades I failedğŸ˜” but not because of myself but from a girl. I wish you all the best of luck. o7 I'm out.,n
Well im out,n
|Guys I'm sorry
I failed
I'm OUT|,n
OUT November 8th,n
|Lost on december 9th same as last year, I'm Out :(|,n
Out :(,n
Out....,n
|precum doesn't count right?
it always leaks a little when I'm cuddling w/ my girl, which is hella uncomfortable btw (not the cuddling part, I love that)|,y
I'm out bros...,n
|OUT November 9th

I have failed. I'm sorry. Websites kept telling me that not fapping is unhealthy. I just believed it ğŸ˜”. Well, at least I survived 9 days.

Good luck to the others!|,n
Unfortunately I am out. I need help beating this,n
Ä°m out,n
Iâ€™m out :(,n
I'm out,n
AHHHHHHHH STULL BITCH,unknown
|Iâ€™m out, sorry I have failed you all brothers, but this defeat wonâ€™t be the end.|,n
Iâ€™m OUT lmfaooo sorry everyone ğŸ˜­ i did 11 days at least ig,n
|I made it to bronze comrades. She got to me 

IM OUT|,n
Not out yet!,n
|Mother Pleasure and Father Temptation got me. Out November 9th
Live on cumrades!|,n
I'm out,n
I'm out.,n
Life's rough.,y
Does anyone elseâ€™s nuts hurt ?,y
Good morning campers,y
im out :(,n
holding on,y
It's gotten easier ngl,y
Iâ€™ve failed fellow cumrads. I wish the best of luck to you all.,n
|I'm OUT

Hard-core cope, but it ended up being too distracting. I just want to focus on my work lol. o7 cumrades, and godspeed.|,n
|I'm out boys it was a nice run. I salute all of you and wish you the best of luck. 

And seeing as how the executioner isn't here I will do it myself

*Decapitates self*|,n
|i just Ripped myself today, nov 9th
Im out|,n
ez,y
Fuck,n
|I'M A FAILURE.
I'M A DISGRACE.
I'M OUT|,n
Just failed â˜¹ï¸ sorry brothers. I'm OUT ğŸ˜­ stay strong,n
OUT November 8th,n
i'm OUT,n
I'm OUT,n
Out November 9th,n
Sorry,n
Iâ€™m out. :(,n
|Iâ€™m  out yâ€™all! 

Havenâ€™t been in the head space to participate this year, hopefully next year.

Good luck to the remaining soldiers! o7|,n
|Out, without this community wold be out on day 1, thanks yall|,n
I'm OUT Boys on November 9th 2022 i have officially failed the mission i went on twitter looking for pokemon game leaks and left ashamed. Complete the mission boys succeed where i have failed,n
I'm OUT,n
I'm holding fast brothers!!!,y
I'm out,n
ez,y
It was a tough battle. Iâ€™m OUT November 9th o7,n
Out today,n
Iâ€™m out..,n
Out NOV 9th,n
Out :'(,n
I'm out...uggh. See y'all next year,n
OUT :(,n
I'm out,n
I'm OUT,n
OUT NOVEMBER 9TH,n
nah mates i'm out,n
Out,n
|Girlfriends is a succubus, with evil intent, I resisted, but she won.
Out November 9th|,n
INNN,y
|OUT November 10th

ğŸ˜”ğŸ˜”ğŸ˜”|,n
Sorry guys im OUT,n
Out November 9th,n
I lost fuck me,n
|I have fallen. 

Iâ€™m Out|,n
IM OUT,n
hi,y
I'm OUT,n
stilll innn ez asf!,y
Just got out Iâ€™m so sorry men. I will try to complete the rest of the month out of principle though,n
I'm losing strength,y
|Donâ€™t do edgingâ€¦
Out :(|,n
|I'm OUT


This year was my first year really trying. I'll try better next time.|,n
Iâ€™m sorry,n
Hi,y
Ez,y
INNNNNNN,y
Im OUT new personal best will be back next year,n
Out im sorry brothers ill cheer you on,n
ğŸ—¿,unknown
Iâ€™m out,n
Ez,y
Iâ€™m Out.,n
Iâ€™m OUT!,n
I'm Out,n
I'm alright,y
im out,n
|Sadly, everyone, I have fallen. I have lasted an entire week through this test of willpower, but everyone has a limit, and I have met mine.  
OUT - NOV 8th|,n
Out,n
|I'm OUT  


:(|,n
Out November 10th,n
|Iâ€™m out boys, I failed|,n
Im out 11/10/22,n
|I'm out, sorry guys|,n
Iâ€™m Out,n
Yeah,y
I'm out. November 10th.,n
|I'm out. Good luck, fellas|,n
Iâ€™m OUT...,n
|I'm out
Didn't expect I will get to second week after last year when I failed after 4 days. Next year I'm gonnna make it|,n
I'm out,n
I'm OUT,n
|Ape alone weak
Ape together strong|,y
I'm OUT bois ğŸ¥²,n
I'm thinking about an extreme NNN challenges based on spermiogenesis. Post coming soon,y
Its gettin better,y
Hell yeah,y
33% BABYY,y
Out :(,n
Stillllll innnnn,y
OUT ğŸ˜­ğŸ˜­ğŸ˜­ğŸ˜­ğŸ˜­ğŸ˜­ğŸ˜­ğŸ˜­ğŸ˜­ğŸ˜­,n
Whatâ€™s poppin fellow kings?,y
INNNN,y
LFG,y
S T I L L  I N,y
I'm out~,n
Stilll innnn,y
I'm OUT,n
7,y
I'm Out,n
out,n
|I'm OUT, [full story here](https://www.reddit.com/r/nonutnovember/comments/yqte97/i_think_im_voluntarily_sighning_off/?utm_source=share&utm_medium=ios_app&utm_name=iossmf)

o7|,n
I'm OUT,n
|I'm out!

*Dead*|,n
Yeah it ain't happening this year. GL to everyone else I'll be rooting for ya. - OUT.,n
|Gave it everything I had, unfortunately one sight of a girl on Reddit is all it took to end my 10 day streak. I've lost the fight but i'll continue on because i want to kick this habit once and for all.

Press F to pay respects|,n
Out,n
33% mates!!! I got this!!!,y
Lost the fight yesterday unfortunately. Iâ€™m out!,n
Sorry fam. Iâ€™m OUT,n
Ssstill innnn,y
Im OUT,n
Iâ€™m out,n
|Day: 10

I'm proud of me. But
I'm OUT|,n
|I'm out! Though I could've powered through, I made the rational decision to quit the challenge.

Throughout these ten days I've seen my productivity drop to zero, to the point where self-improvement turned into the opposite. I can either complete the funny internet challenge or be productive this month, but not both. Whilst doing the challenge, my mind was simply too clouded to focus on anything important.

That said, good luck! I'll see you next year.|,n
I'm out,n
I'm out ğŸ’€,n
I'm out. Sorry y'all.,n
I'm OUT :(,n
I'm out.,n
I'm OUT,n
|SÌ¶tÌ¶iÌ¶lÌ¶lÌ¶ Ì¶iÌ¶nÌ¶

Edit: I'm out|,n
Iâ€™m out,n
|PROSTATE EXAM MADE ME LOSE 

GG GO NEXT 

o7|,n
I'm out... sadly,n
Inn,y
Iâ€™m out.,n
stilllll innnnn,y
I'm out.,n
love the poem,y
Out :(,n
I'm OUT :(,n
|im out :sob:  
o/|,n
Im out,n
Iâ€™m OUT,n
Out,n
Iâ€™m OUT,n
1/3,y
Iâ€™m. OUT 07,n
Iâ€™m OUT,n
|Didnâ€™t think Iâ€™d say it this month, but Iâ€™m OUT.|,n
|Not out, never tried this year ğŸ˜|,unknown
Full of shame i declare the following: Out on November 10th,n
I'm OUT,n
Iâ€™m out,n
|People: denying sex with gf
My lonely ass: ğŸ¥²|,y
Iâ€™m OUTâ€¦,n
I'm officially out,n
|I'm OUT
Personal best though :)|,n
I'm OUT ... im sorry!,n
|I'm out

(RIP ME)|,n
Pink heartz tonight,unknown
|I'm out, F|,n
Sorry guys Iâ€™m out,n
Inner,y
7,y
Out unfortunately,n
Fuck,n
vibin (10),y
|Sorry but I'm OUT.

Positive experience, interesting, reccomend.|,n
I'm OUT,y
Iâ€™m OUT,y
Iâ€™m OUT ğŸ˜¢ğŸ˜”,y
|Iâ€™m out, too much pain|,y
Wish I was as strong as you all soldiersğŸ¥¹,unknown
Im OUT,n
|I'm out fellas been nice serving with you, I'll see myself out. :(|,n
Day 10 fuck ğŸ˜­,unknown
|Im done fellas, wish you all best of luck and mindset!|,n
I'm OUT,n
Diamond hands ğŸ’ğŸš«ğŸ¥œ,y
i'm good,y
|Iâ€™m out menğŸ˜” girlfriend won out this year, I tried my best|,n
ğŸ«¡,y
Iâ€™m OUT,n
yo I'm awake now,y
Iâ€™m out,n
Today I failed. I'm out :(,n
10/30,y
|I'm out, at least I made Bronze I guess|,n
|....

I'm OUT|,n
I'm out,n
I'm out,n
Yes,y
|The 10 day mark, my best result since my 13 birthday ğŸ¥³|,y
I'm Out,n
I'm out.,n
Iâ€™m out.,n
I'm out :(,n
I'm out,n
ten.,y
Im out.,n
|IM OUT 

SORRY GUYS|,n
Letâ€™s go silver!,y
Stillll innn!,y
i fucked up. OUT,n
I'm out.,n
I'm OUT,n
Lmao I failed rip,n
I'm out,n
i'm out sorry evryone,n
Iâ€™m out ğŸ’€ğŸ’€ğŸ’€,n
out. :/ I fuckin suck,n
OUT,n
STILLLLL INNNNNNN,y
Out on 11th day,n
OUT,n
7,y
I'm out because I tried edging and tried to hold back but I just came.,n
I'm OUT November 10th,n
I'm out.,n
OUT November 11th,n
I'm hereeee,y
Guys Iâ€™m ou- Jk I WILL NEVER DIE,y
Im out,n
Iâ€™m OUT,n
Innnn,y
I'm out,n
Iâ€™m out,n
OUT,n
Out,n
I'm out!,n
|I'm out, good luck dudes|,n
Remember our fallen soilders on 11/11,y
I'm OUT,n
I'm out bruh,n
Fuck me... I have failed you all,n
I'm OUT,n
Y,y
I'm OUT :(,n
Iâ€™m out ğŸ™ƒ,n
Iâ€™m OUT,n
|Out November 11th ğŸª¦

Good luck to the other cumrades ğŸ«¡|,n
|OUT November 11th.

Sorry guys, i didnt Make it. The urges were to strong Last Night/ this Morning.

Good luck to all Extant soldiers.|,n
Im out,n
Out... Couldn't fuckin' sleep,n
|SÌ¶tÌ¶iÌ¶lÌ¶lÌ¶ Ì¶IÌ¶NÌ¶.Ì¶

edit: got out this day later on

OUT November 11th|,y
I'm Out,n
I'm OUT,n
I'm OUT,n
|Iâ€™m OUT, see you guys next yearsğŸ’€|,n
|Out November 11th

I don't need to sugar coat it.

im out.

that's all...|,n
Iâ€™m OUT,n
|Got out this morning boys :/

Be stronger than me, u got it!|,n
STILLLL INN B OOOYS,y
Sup,y
Pink heartz out now ğŸ«¡,unknown
Im out,n
I'm out,n
STILLLLL IÃ‘NNNNNNN,y
Stillllll innn,y
|I'm out, sorry guys|,n
|My friends she got me 
I'm out ğŸ˜­|,n
|I have failed you all, I'm out.|,n
Iâ€™m out,n
stil ines,y
im out,n
I'm out :(,n
I'm OUT,n
Yes sir,y
|Iâ€™m sorry boys, OUT|,n
|Tapping out, gl everyone|,unknown
I'm OUT,n
|I'm out, it was a good one yall, good luck o7|,n
Stillllllll innnnnn ğŸ« ,y
im out,n
Out on November 11 after a strong 2 years streak. Damn,n
OUT November 9th,n
Iâ€™m OUT,n
Day 11 ğŸ˜­,y
|Well thatâ€™s if for me, furthest Iâ€™ve ever gone so I see it as a W. Iâ€™m out|,n
|I'm out, quarantine defeated me ;(|,n
Good morning,y
Yes sir.,y
Finally found the role calls. Reddit 's new update made them kinda invisible,unknown
|Damn, failed. This should be obvious but dont consume any type of pornography, including erotica, which made me lose focus.

I'm OUT|,n
im Out,n
I'm out. Partner gave me the ya ya. Such is as such is. A thousand "if only's" cross my mind. None deserve retreading. Good luck!,n
Good luck guys,y
I'm Out,n
|See you on the other side. Iâ€™m outâ€¦

-A fallen comrade|,n
Damn it man I edged. I'm out. I can't believe it. I feel really disappointed,n
|Iâ€™m OUT :,)|,n
Yesterday was...stressful. I'm out.,n
I'm OUT,n
11? ğŸ‘¹,y
yes,y
challenging,y
Iâ€™m OUT,n
Im out,n
I'm OUT !,n
|Sadly Iâ€™m out, best of luck to the rest of you.|,n
OUT o7,n
Iâ€™m OUT,n
Im out,n
Iâ€™m OUT,n
I'm out.,n
Out o7,n
|Im OUT 

This challange kinda sucks XD|,n
|Iâ€™m Out 

Damnit|,n
|Out.
Sad, but better than noting.|,n
Stillin and chillin,y
|Iâ€™m sorry comrades, I have fallen. Iâ€™m OUT.|,n
|w

i

n

e

a

s

y|,y
Yo,y
|Gf took me, Iâ€™m outğŸ¥²|,n
|I'm out, boys... Stay strong...|,n
Lost 11/10.,n
7,y
|Out November 11th, apologies comrades o7|,n
Iâ€™m OUT,n
I'm out ğŸ˜”,n
Out,n
Iâ€™m out,n
I'm OUT,n
Iâ€™m out,n
Yes sir.,y
I'm out,n
Im out,n
I'm OUT,n
I'm OUT,n
|I'm OUT. Good luck, soldiers...|,n
Iâ€™m Not Not Not OUT,n
I'm out,n
Out.,n
|I'm OUT, carry on without me.|,n
Out on November 12,n
I'm OUT :(,n
OUT,n
did pre count?,unknown
Pain,y
|Regret to inform, im out|,n
Silver is coming!,y
I'm out,n
Iâ€™m out ğŸ˜©ğŸ˜©ğŸ˜©ğŸ˜©,n
o7 good luck brothers. I'll be back next year,n
|Out

Sorry my fellow cumrades, avenge me I know y'all can do it!|,n
Iâ€™m out,n
Iâ€™m out.,n
Out,n
|Im not horny anymore, just sad. This isn't fun anymore|,y
Iâ€™m out soldiers! Sorry! Couldnâ€™t resist after a wet dream. Good luck everyone out there,n
Powah of de black pantha,y
Iâ€™m weak and failed,n
Honorable discharge!,n
I'm OUT. Many reasons why this year's NNN was much harder on my than last year. I needed to feel at peace.,n
out,n
I'm OUT,n
i'm OUT,n
This is very very difficult. Please help me,y
I'm out. Sorry cumrades,n
I'm out :(. Till next year troops,n
I have failed gentlemanâ€¦the distraction was too high for my weak brain. Carry on and good luck o7,n
I'm OUT,n
|Iâ€™m out. 07 soldiers.

Uni related depression and stress got the best of me. As a mark of respect Iâ€™ll go from now until the end of the month.|,n
Iâ€™m OUT,n
another progress,y
Beans,y
im outğŸ˜”,n
Iâ€™m OUT O7,n
|My dumb ass edged. I'm OUT.

*screams in pain*|,n
I'm OUT,n
12,y
|Yeah, I'm OUT. Too tired now to continue with the challenge, sorry comrades o7|,n
S,unknown
I'm out,n
|IM OUT

I tried hard, but seeing her made me nutğŸ˜|,n
|im sadly out...

im sorry my cumrades|,n
Lost on November 10,n
i'm out o7,n
|Iâ€™m out, carry on|,n
|Ight im out, see ya|,n
Im out,n
I'm OUT,n
I'm OUT,n
Iâ€™m Out :/,n
I'm OUT,n
Out. Identify wanna talk about it,n
|Im out :( 
Had sex though..|,n
Iâ€™m out ğŸ˜­,n
Yes,y
Iâ€™m OUT,n
I'm OUT,n
Im out,n
|I must unfortunately report that I'm OUT. It was a good run this year, though hoping to be better on the next|,n
Iâ€™m out,n
Im Out :( Good luck cumrades o7,n
|Out, with no regrets. Hopefully next year I'll have enough spare dopamine to try again.|,n
|Sadly, I'm out|,n
Iâ€™m OUT,n
iâ€™m out :(,n
I'm innnnnn,y
Out,n
Im OUT,n
Ez,y
Im out sorry guys,n
|I'm out, sorry cumrads o7|,n
I failed,n
I'm out ğŸ˜”,n
Out.,n
does precum count?,unknown
I hate myself,y
Yo,y
I'm out :(,n
Hello,y
|I have fallenâ€¦

Iâ€™m out|,n
I'm OUT,n
Im out :(,n
|I've lost... 

Please execute me!|,n
I'm OUT,n
I'm OUT,n
Iâ€™m out,n
Iâ€™m out good luck yâ€™all,n
Iâ€™m out,n
Iâ€™m out,n
s t i l l  i n,y
I'm out,n
Out,n
Hello,y
I'm out proud that I made it this long though,n
Iâ€™m out.,n
Yo,y
|Iâ€™m OUT 
The shame!
THE SHAAMEE!!!

See u next year|,n
Yes sir,y
I'm out...,n
|It's official paranoia got me out.
I thought that was pee but small white stuff due to over scratching. See you next year and

o7 Stay Strong|,n
Iâ€™m OUT,n
I'm out,n
|I'm out brothers, I couldn't escape the temptation after all|,n
Nice,y
Iâ€™m OUT :/,n
|Out. Im sorry, men.|,n
Hello,y
|Gentlepeople, I am out. The best of luck to you all.|,n
I'm OUT,n
Iâ€™m out,n
7,y
|Im OUT. Stress, being sick, etc. I lasted a few days longer then last time. So small gains.|,n
Iâ€™m OUT ğŸ˜­,n
yo,y
OUT November 13th,n
Im out,n
Yo,y
Ez,y
Yes sir.,y
iâ€™m outğŸ˜” fuck i shouldnâ€™t have stayed alone by myself,n
|Comrades, after 13 days I have succumbed to temptation. 2 successive years of NNN and i failed to bag the 3rd, out.|,n
| I lost on november 12, I'm out|,n
Iâ€™m out. See everyone next year. O7!,n
I've Failed....,n
I'M OUT,n
|im out

high sex drive gf has taken me. its a worthy trade, boys|,n
I'm out,n
Im out. Got drunk and failed sadly,n
I'm out...ğŸ˜¥,n
|I'm out. Day 12.
Sorry brothers|,n
I'm out,n
I'm OUT. I was out on Nov 6 but couldn't bring myself to comment until now. Stay strong my comrades may my dreams live through yall.,n
Iâ€™m OUT,n
Iâ€™m out chief. It was a good run.,n
Iâ€™m OUT,n
im out,n
I'm OUT,n
OUT,n
|I'm out, sorry cumrades|,n
Out sadly,n
I'm OUT,n
Out November 13th,n
|s

t

i

l

l

&#x200B;

i

n|,y
I'm out,n
Iâ€™m out,n
I'm OUT,n
Stilll innnn,y
I'm OUT :(,n
I'm out,n
Im out,n
I'm Out ;\_;,n
OUT! November 13th,n
Iâ€˜m OUT,n
Iâ€m Out,n
STILLL INNN LETS FUCKINGG GOOOOO,y
Haven't failed yet,y
I'm OUT,n
I'm out,n
Im out :(,n
Out November 13th,n
|I failed, I'm out ğŸ’€ğŸ’€ğŸ’€ğŸ’€ğŸ’€|,n
I'm OUT,n
|OUT, sorry bros, had sex though|,n
Im out. ğŸ«¡,n
|Im OUT, sorry guys see you next year|,n
Out,n
I'm out ğŸ˜¢,n
Out November 11th,n
|I'm out, I fucked up.|,n
I'm OUT,n
less focking goooooooooo,y
Iâ€™m a failure,n
IM OUT,n
Iâ€™m OUT,n
Iâ€™m out,n
sup,y
I'm OUT,n
I'm surviving,y
Im OUT,n
EZ!,y
|Sadly...
I'm OUT!|,n
|Iâ€™m out guys, already made a post explaining the situation. All I can say is the best of luck to those who remain.|,n
Out November 8,n
Iâ€™m OUT,n
Surviving,y
Out November 12,n
I'm out,n
|OUT November 12th :(

I'll finish the rest of NNN and continue until January to redeem myself|,n
|out as of this morning

wasnâ€™t worth it :(|,n
Out. Good luck.,n
|S
T
I
L
L

I
N|,y
Out,n
|Iâ€™m out. Alas, Iâ€™ve been slain|,n
I'm out,n
|I'm out, 
by choice, not nutting has distracted me from my work and school for too long but i don't regret my decisions and instead I'm proud of how long i made it and i outlasted 9/12 of my betting pool buddies.

I will however not go back to my regular habits and will actively do it less, good luck to the remaining soldiers and I'll see you all next year 07

PS. i got a GF during the month so mission accomplished right?|,n
|Out, november 12th. Got home from a stressful long 13 hour work day delivering for UPS and whilst swiping through tinder I got the shakes. Good luck everyone o7|,n
OUT November 13th,n
|Damn it.... 

Im out 13 November....|,n
|Sorry lads, urges got to me, I'm out.  Maybe next year.|,n
Iâ€™m out,n
Yo,y
Iâ€™m OUT ğŸ˜“,n
Iâ€™m OUT,n
13,y
OUT November 13th,n
Im out,n
I'm OUT,n
Im out,n
Im out,n
I'm out ğŸ˜“,n
Guys I fucked it up. I'll try again next year and hopefully by then I'll have become stronger. OUT,n
Iâ€™m out,n
Out :/,n
It was a hell of a run~ OUT November 13th @ 7:29pm CST,n
I'm out ğŸ˜”,n
Yes,y
Iâ€™m out due to edging. Good luck cumrades,n
Iâ€™m OUT ğŸ˜”,n
Hi,y
I'm OUT.,n
I'm OUT,n
OUT November 13th,n
I'm out,n
|I'm really sorry to say, I'm out.|,n
stilllll innnnnnn!!!!!,y
Iâ€™m OUT,n
I'm out,n
I'm OUT,n
|I forgot to post, I was out on the 9th 

OUT|,n
I'm out,n
Out.,n
Iâ€™m out :(,n
I'm out,n
I'm OUT,n
I'm out.,n
My girlfriend offered a bait and I took it. Itâ€™s been a long run. Iâ€™m OUT,n
I'm OUT! o7,n
Iâ€™m out,n
I'm OUT,n
Im OUT,n
STILLL INN L8WL6OWTSC,y
|iâ€™m out fellas, honourably no less|,n
|Iâ€™m out, the horny was to strong, busted a fat one tho|,n
Iâ€™m out,n
|I'm out, day 14. I'm so ashamed of myself.|,n
I haven't fallen yet,y
I'm OUT!,n
im out,n
|Out, lasted longer than expected, not bad for first time time I guess (pd: I don't regret failing),|,n
I'm OUT,n
Iâ€™m out,n
Iâ€™m out..,n
I.. I'm out.. after 3 years of Service I've failed my mission the first time..,n
I'm out,n
Iâ€™m out,n
|Sorry guys, i've slipped.

I'll do my best next year...

I'm OUT.|,n
I'm OUT,n
I'm OUT ğŸ˜”,n
Eu nÃ£o tenho mais o mesmo valor de vida que eu tinha antes.,y
Iâ€™m out,n
Cant believe ive made it this far,y
S T I L L  I N,y
Iâ€™m out..,n
I'm OUT,n
Test,unknown
|Iâ€™m out.

My urges took advantage of a weak moment. Am proud that i made it longer this year though. Heres to next year.|,n
im out. failed on 12th november. Be stronger then me.,n
Iâ€™m out,n
L,n
EZ,y
I'm out,n
I'm out,n
I'm OUT,n
Iâ€™m OUT,n
Sorry my brothers i nutted this morning. ğŸ¥² pseudo out!,n
|Out for me. Sorry lads, I needed this.|,n
Yes sir,y
Iâ€™m OUT :),n
I'm OUT  :(,n
I'm OUT,n
|S

T

I

L

L


I

N|,y
I'm out,n
|i'm OUT

Damn|,n
I'm OUT,n
Stilll innn,y
Iâ€™m OUT,n
OUT,n
Iâ€™m OUT,n
Im Out,n
vibin (14),y
Out,n
Out,n
Im out,n
Iâ€™m OUT,n
|I think this is where I leave all of you good luck
I will try again next year ğŸ«¡ goodspeed|,n
I'm out,n
Sorry I'm out.,n
Iâ€™m sorryâ€¦,n
|Im out

ive edged|,n
14,y
Inner,y
Iâ€™m out,n
14/30,y
I'm OUT,n
I'm out. Belive it or not I nutted because of air.,n
Iâ€™m out ğŸ’€ğŸ’€ğŸ’€,n
Iâ€™m out,n
|Out, wasn't expecting it. Oh well maybe next year|,n
Iâ€™m out as of day 14 (Aus),n
I'm OUT,n
Sup,y
I'm OK.,y
Im out baby...,n
|Srry guys im out with a honorable discharge because of my gf

Im out|,n
Iâ€™m out,n
|I failed :(, i saw to many cute girls couldn't hold it  
I'm OUT|,n
Out,n
I'm out,n
i'm out. sorry. moment of weakness. next year is my year,n
Out last night.,n
Iâ€™m Out :dies:,n
stiill hherrree,y
I failed you all,n
I have failed you all my brothers. I'm out.,n
O7 outğŸ˜­,n
yay silver :D,y
Out since weekend. Forgot it's November.,n
Im out,n
I'm out :(((,n
|Woops, I'm out|,n
Iâ€™m out day 11,n
OUT November 15th,n
iâ€™m out.,n
out :(,n
|Half done, I'm out|,n
I'm OUT,n
Sorry lads i did the bad this morning im out!,n
Iâ€™m OUT,n
Innnn,y
|is it counted if I got clear pre-coom like clean but stinky shit...?

fuck man, bring me back 15 minutes ago...

edit: nah i failed, i nutted. I'm sorry bros, please finish the run for us... but hey at least i got silver in half|,n
Stilllll INNNNNN,y
INNNNN,y
Out ğŸ˜¢,n
im out :(((,n
|IM OUT unfortunately. My wife gave me an offer I couldn't refuse (she does not believe in NNN). I was bronze last year, this year silver... small but important steps. Maybe gold or all the way next year? Good luck to my fellow soldiers out there ğŸ˜Š|,n
|I have fallen my my fellow soldiers but I will continue fight till the end of month o7.


I'm out|,n
|I'm out, sorry boys.|,n
|still going, working 20 hour long shifts helps considerably haha|,y
I failed,n
I'm OUT,n
I'm out âœŒï¸,n
Silver acquired,y
|First year participating, really wished I pulled through but I tried my luck a little too much. Good luck those who remain.|,n
This is where I get off unfortunately. I did beat my record though so that's something. Until next year cumrades. ğŸ«¡,n
Sorry yâ€™all,n
I'm OUT,n
Ye,y
OUT November 14th,n
50%. i'm winning this,y
Sorry gang I'm out...,n
OUT November 15th,n
silver time,y
Inn,y
Out,n
|Officially Silver

Not Stopping until we hit diamond|,y
I'm OUT!,n
|Unfortunately, out. o7|,n
I'm out,n
OUT November 13th,n
I'm OUT,n
Iâ€™m out sorry guys o7,n
OUT November 15th,n
|Sorry Cumrades

I have failed you midway ğŸ¥²ğŸ¥²

I'm OUT|,n
|I'm out, o7 good luck everyone|,n
y,y
Not out yet,y
I'm OUT,n
I'm stupid. I'm stupid. I'm out.,n
Out november 14th,n
50 percent done,y
Ugabugabuuuu badge pls,unknown
Inner,y
I'm losing strength,n
I'm out,n
S t i l l.  I n.,y
Yo,y
Stillll innnn,y
Y,y
|Iâ€™m out. Urges got too strong. Family out of town, took advantage of the opportunity. Iâ€™m glad I got farther than last year, and there is always next year.|,n
I'm out,n
|out

&#x200B;

i will do better next year, i promise you guys|,n
Half way already ğŸ˜¤,y
I failed,n
Im out,n
15,y
Out ğŸ˜Œ,n
anybody else feels depressed or just me?,y
|OUT, farewell soldiers o7|,n
|Imma complete this NNN shit first try, yâ€™all watch ğŸ˜¤ğŸ˜¤|,y
I'm out. O7 to stronger soldiers,n
I'm OUT,n
Iâ€™m out,n
I'm out ;(,n
Okay,y
ggs gentlemen,y
out day 8,n
I'm OUT,n
Damn silver,y
HI,y
Iâ€™m out,n
I'm OUT,n
I'm out,n
|Iâ€™m sorry everyone, but Iâ€™m OUT ğŸ˜”|,n
Nvm Iâ€™m OUT,n
BIG 15 yessir boysss,y
STILLL INNN LADSSS LETS FUCKING GOOOO,y
Out November 15th,n
|I m Out ! :( 15 Days ! Sorry Cumrades ! 
o7|,n
|Welp it was fun, hope you guys don't make the same mistake I did. I'm out.|,n
|I'm stiiiiiil iiin, boys, half completed, and I'm not even sweating|,y
Out Nov 15th,n
|Itâ€™s been real, see you next year. 

Iâ€™m out|,n
Maybe next year,n
|Ah, Iâ€™m out. This year was a lot tougher than than last year. Hope all of you will be able to pass. And yeah, see ya all next year|,n
Iâ€˜m OUT ğŸ˜­ğŸ˜­ğŸ˜­,n
stil INNN,y
I'm out.,n
|It's the end for me unfortunately


I'm OUT|,n
Iâ€™m out,n
Stilllll INNNNN,y
I'm OUT,n
STYIL INNNN,y
Halfway mark!!!,y
OUT november 15th. Girlfriend got me,n
Out :(,n
Out :(,n
I'm OUT,n
Sweating,y
|Iâ€™m OUT

ğŸ˜”|,n
I'm OUT,n
I'm OUT,n
OUT,n
|I'm Out. Had a girl sleeping over, she made me fail. We've been hanging out for a couple of weeks. Nutting wasn't worth it, I also realised I don't really like her, it was the urge making me think I did. So Sad.|,n
Iâ€˜m OUT :/,n
Im out,n
Im out :(,n
Hell yeah!,y
Out now,n
Fuck.,n
out :(,n
We cross half of the bridge,y
Yo,y
Surviving,y
Yo,y
STILLL INNN,y
I'm out,n
|I'm OUT

Yesterday's the hardest. Didn't make it through.

I hear the executioner's footsteps coming nearer...|,n
I'm OIT,n
Im OUT,n
Iâ€™m outğŸ˜­ At least I made it 16 days o7,n
Out nov 16. Godspeed gentlemen. I will continue on to finish on the 17 of December. See you next year,n
Im OUT ğŸ˜”ğŸ˜”ğŸ˜”ğŸ˜”,n
|It was nice ride guys I'm sorry

I'm out|,n
iâ€™m feeling kind of AAAAAAAAAAAAAA rn,y
Stilll innnn,y
I'm bored as hell,y
Out :(,n
Beans,y
I'm out,n
I'm OUT,n
out :((,n
I'm OUT ğŸ˜”,n
|Fcuk guys im out!!! I obviously cant be trusted home alone.  Which hardly ever happens and wanted to watch a few videos that i figured i been missing out on.  
Came out of nowhere!!! Sucks|,n
|16 days is all it took.  
I'm OUT|,n
I failed soldiers...ğŸ˜,n
Iâ€™m OUT,n
|couldn't resist yesterday, i barely touched it and it happened :(
sorry guys I've failed|,n
Iâ€™m out.,n
Iâ€™m Out lads goodbye people,n
Iâ€™m out,n
Iâ€™m out but I lost my virginity ğŸ«¡,n
I'm OUT,n
I'm OUT :(,n
hello,y
|I lost control, Iâ€™m out|,n
|I'm OUT. It was a nice run, best of luck to you all (0.0)7|,n
STILLL FUCKINGG INNNNN ITS SO HADDDDD,n
I failed,n
I'm OUT,n
|I'm OUT

Sorry brothers, I have failed NNN due to GF|,n
I'm out. I got farther then the past 3 times so I'm happy,n
Sup folks.,y
ez as usual,y
|I got out this morning, so I survived 23 days without nutting. I beat my record and I'm proud. Can't wait for next year!|,n
I'm out,n
Yes,y
|I'm OUT  
I Failed you all Guys  
Im Sorry...|,n
Im out,n
|Lost, sorry guys, DONâ€™T EDGE|,n
Out November 16,n
|Out
Noticed something a little physically amiss and googled it, might be lymph node blockage so Iâ€™m out and will monitor to see if it goes away
Hopefully nothing serious|,n
Lesss gooo,y
iâ€™m out,n
I'M OUT,n
OUT.but just because I failed doesn't mean I can't help others,n
|I'm OUT. Unfortunately, this challenge was affecting my sleep too much. Gainz and reducing stress are more important to me than completing this challenge, unfortunately. It's been fun guys. Good luck.|,n
Stilll inl,y
I'm OUT baby!!,n
17,y
I'm OUT.,n
Im Out!,n
Im out :(,n
Out nov 17,n
Okay,y
|Farewell boys, I'm OUT.

At least I got my personal best|,n
I'm OUT,n
I'm OUT,n
Coming thru,y
|Iâ€™m out sorry cumrades, Iâ€™ve fought the good fight|,n
Stillllll innnnn,y
|Iâ€™m out soldier:(
Carry on for me boys!o7|,n
  Sound kid,unknown
|I've fallen. But I did better than I thought.

I'm out!|,n
S t i l l   I n,y
Iâ€™m out,n
I'm OUT,n
Sorry guys yesterday I lost. Please forgive me,n
good morning,y
Yo,y
Iâ€™m out,n
|OUT, just before I successfully joined my sports team, to. I'll do better next time.|,n
fuck,n
|Less gooo

Stll inn|,y
Iâ€™m OUT,n
|iâ€™m out 
and very disappointed|,n
Iâ€™m OUT november 17th,n
|i can smell the single digits 

lots of work the next days

s t i l l  i n|,y
Iâ€™m OUT :(,n
|I'm OUT

:(

I didn't watch porn. I did beat my meat though. It wasn't worth it.|,n
Iâ€™m out.,n
I did not make Iâ€™m sorry ğŸ˜ª,n
Out sorry boys,n
Iâ€™m out,n
Out 16th November... ğŸ«¡,n
Out 16th November... ğŸ«¡,n
Stilll innn,y
Ez,y
im out ğŸ¥².,n
I'm OUT,n
|I'm OUT

just today, posted a progress post about it

&#x200B;

see you next year|,n
Hello cumrads,y
I'm out :(,n
Out November 17th,n
Iâ€™m OUT,n
|![gif](giphy||YWb3YoY8TolYuMpRc8||downsized)

Sorry I just couldn't take it anymore. I couldn't think of anything else the whole day. Couldn't work, couldn't study, couldn't enjoy any hobby. Good for a first try though.|,n
Inner,n
I'm out boyos. It was a good run ğŸ«¡,n
|Iâ€˜m OUT

Sorry guys. Improved myself by 9 days. Will try to nut less after this since the nut was really big.|,n
Out sadly,n
Out,n
STILLL INNN LETS FUCKING GOOOOO,y
iâ€™m out :(,n
Im out ..,n
s-s-still inn.... ğŸ–ï¸,y
Out :(,n
Sup.,y
I'm out,n
OUT,n
|Out, with shame|,n
Hi,y
I'm OUT,n
I'm OUT,n
Im out,n
im out :((,n
|Im out, longest ive gone though during NNN|,n
Iâ€™m out,n
|OUT November 16th

&#x200B;

im sorry|,n
|O7 I'm out. 

Touching grass definitely helps but having so much hw and my procrastination keeps me indoors.

At least I got silver! Will still go the rest of the month without Nutting. If I can go over half, what's another half?|,n
I failed. I'll continue for the rest 12 days tho,y
|Sorry comrades, i lost the fight thanks for supporting me.
See you guys next year.|,n
|I'm OUT. Not bad for my first attempt, and I have also learned a few things this month, so it definitely wasn't a waste of time for me.

  
See you next year. Good luck guys!|,n
I'm out guys,n
stillllllllllll innnnnnnn,y
Out be stronger than me friends,n
|I'm sorry guys, but I'm out|,n
|I'm out, sorry bois|,n
Iâ€™m out,n
Iâ€™m out today ğŸ˜¥,n
18,y
I'm OUT,n
kinda easyâ€¦,y
Iâ€™m OUT,n
Iâ€™m out,n
I'm out! Good luck with the coming days comrades,n
|I'm OUT.

 o7 to those continuing|,n
Iâ€™m out ğŸ˜”,n
|I failed you lot. Out, soldiers|,n
Iâ€™m OUT,n
Innn,y
out,n
Stilll inl,y
I'm out unfortunately sadface.jpeg,n
I'm OUT. GF wanted some love. Farewell brothers,n
Not losing due to self-bj,y
Iâ€™m OUT :(,n
Yo,y
Im Out,n
bros I've survived another day,y
|Iâ€™m sorry guys, I did the unthinkable, as of November 18th Iâ€™m OUT

Going dark|,n
|i'm out.

nnn is all about control to cum so my gf deepthroated me. i didn't came though, took out after 2min or something.|,n
|I have lost comrade..

You must continue without me.

I have failed.

Goodluck comrade.

May you survive this.

Im out. o7|,n
Iâ€™m OUT,n
I'm out,n
I'm out. Had to learn the hard way what kinda bitch edging is. See you all next year,n
I'm OUT,n
Yes,y
I'm out,n
I'm OUT :(,n
Out,n
|I'm OUT, never watch my friend on november, never!|,n
|I'm out

Godspeed gentlemen.|,n
|I'm OUT. Beat previous year's attempt, so not too sad|,n
I'm out. Good luck with the rest of the month lads!,n
I'm out,n
stiiiiiiillll innnn,y
Iâ€™m out,n
Eight? Teen?,y
|Sorry boys. I had sex and it was awesome.

Iâ€™m out|,n
Iâ€™m OUT,n
I'm out. GF came over,n
Iâ€™m out,n
|Iâ€™m OUT. I learned some new things this year, but decided to let it go. Best of luck to you all!|,n
I'm out,n
Out day 16,n
|Sorry guys the urge was too strong
I'm OUT|,n
Iâ€™m OUT,n
Not out,n
|I'm sorry.

I got to curious.

I lost...

Out.|,n
lost,n
|I'm so sorry fellas it got ahead of me. Unfortunately this year I'm OUT

Stay strong brothers i'll cheer for you from the sidelines!|,n
iâ€™m out,n
Out November 19th.,n
Out,n
|I feel terrible, Iâ€™m out|,n
One more day until a single digit countdown ğŸ˜­,y
I'm OUT,n
Something something hot pocket,y
yeah im out sorry (ngl it was worth it),n
World Cup,y
I'm OUT,n
|I failed... urge was too strong
I'm OUT|,n
I'm OUT,n
|failed woops

see u next year cumrades o7|,n
I'm OUT sorry yall!,n
Hell yeah!,y
|Out


L|,n
I'm out fellas...,n
|Never giving up, gotta reach the end.|,y
Ye,y
Im out,n
Ladies and gentlemen ... I'm OUT.,n
Iâ€™m OUT,n
|Welp, I am officially out now. Failed yesterday and had the biggest post nut clarity ever|,n
|I'm OUT, but standing by for DDD|,n
OUT November 15th,n
Iâ€™m OUT,n
Yo!,y
|I wish you all the best of luck, fellow comrades!|,unknown
I'm out November 18th. Gonna continue with it tho for the rest.,n
Brothersâ€¦â€¦ Iâ€™m out,n
I'm out,n
Hello again cumrads,y
OUT November 19th :(,n
Out...,n
|Im out boys, I couldnâ€™t hold out any longer and it was starting to hurt + that UTI post freaked me out. ğŸ«¡ it was good while it lasted|,n
Sound kid,y
|Im OUT

Lost to gf|,n
vibin (19),y
|Finally out, the boredom got to me. Sorry my guys.|,n
Out,n
Iâ€™m OUT,n
Iâ€™m OUT,n
|Iâ€™m OUT.

Wife let me have it, and I had no choice but to kamikaze myself out of the challenge, folks. I almost had a heart attack when I came.

See you next year, guys.|,n
OUT November 19th,n
Iâ€˜m OUT ğŸ’€,n
Out,n
Guys I'm out. Damned be my girlfriend. Shit.,n
I'm OUT. I have failed to avenge my fellow comrades that lost earlier than me.,n
just lost ğŸ˜­,n
OUT November 19th,n
Weekends always tough,y
Iâ€™m this bitch,y
I'm OUT,n
I'm OUT,n
Not out yet,y
Iâ€™m OUT. Iâ€™m sorry comrades. I wasnâ€™t strong enough for you.,n
I'm out,n
|I am out

I'm out|,n
|hey, what's the link for the discord server|,unknown
Out November 19th,n
|I'm out, godspeed gentlemen|,n
|I'm OUT!
Lost NNN but this was the longest I've not fapped and im proud of it|,n
beo why tf this years NNN feels slower,y
im out,n
I'm OUT! Edge a little too much,n
Player out. It s bene a honor bois,n
innnn,y
Kicking ğŸ¦µ,y
Iâ€™m OUT,n
I'm out,n
OUT November 19th.,n
Iâ€™m prolly doing better than everyone else ğŸ˜,y
|10 days to go,

'Til we see the end

One final push

Good luck my friends

Still in!

Edit: I lost. Diamond would've been cool, but honestly I was afraid of the big nut on the 1st of December being just as disappointing as it was those years ago. Now I needn' t worry. Godspeed brothers, I believe in you all!|,y
im out,n
|Guy! I'm sorry. You must go on without me

I'm Out!|,n
Out,n
I'm out peace,n
Iâ€™m out. Was a great run soldiers ğŸ«¡,n
Iâ€™m OUT,n
Out November 20th,n
I'm OUT. ):,n
I'm out,n
World Cup starts today. I hope Argentina wins itğŸ‡¦ğŸ‡·,y
Stilll innn,y
Not out,y
I'm OUT 20th of November,n
Fallen,n
I'm out,n
|I failed on November 20th, at least I got silver|,n
I'm out Nov 20... Sorry guys.,n
Beans,y
hi,y
OUT November 20th,n
I'm out cumrades... Thanks so much girlfriend.,n
Well... I'm out November 19th ğŸ«¡ğŸ«¡ğŸ«¡,n
|Out November 18th.

Had sex with my crush. No regrets, maybe next year.|,n
stilll inn,y
I'm out,n
I'm out,n
Almost less than 10 days that's crazy 07,y
66 Percent without the devils temptation,y
Iâ€™m out,n
Out,n
Out,n
Sup,y
Im out,n
Out day 20,n
I failed guys....... womens long jump got me,n
Iâ€™m OUT,n
Out november 20th,n
Iâ€™m out,n
Stillll innnn,y
Hi,y
|Out november 20th

Next year's gonna be the one tho|,n
Does a wet dream count?,y
I'm out,n
I'm bored,y
|Round round, get around
  
I get around
  
Yeah
  
(Get around round round, I get around)
  
I get around
  
(Get around round round, I get around)
  
My kinda town
  
(Get around round round, I get around)
  
I'm a real cool head
  
(Get around round round, I get around)
  
I'm makin' real good bread
  
I'm gettin' bugged driving up and down the same old strip
  
I gotta find a new place where the kids are hip
  
My buddies and me are gettin' real well known
  
Yeah, the bad guys know us and they leave us alone
  
I get around
  
(Get around round round, I get around)
  
My kinda town
  
(Get around round round, I get around)
  
I'm a real cool head
  
(Get around round round, I get around)
  
I'm makin' real good bread
  
(Get around round round, I get around)
  
I get around, round
  
Get around round round, ooh
  
We always take my car 'cause it's never been beat
  
And we've never missed yet with the girls we meet
  
None of the guys go steady 'cause it wouldn't be right
  
To leave their best girl home now on Saturday night
  
I get around
  
(Get around round round, I get around)
  
My kinda town
  
(Get around round round, I get around)
  
I'm a real cool head
  
(Get around round round, I get around)
  
I'm makin' real good bread
  
(Get around round round, I get around)
  
I get around, round
  
Ooh, ooh
  
Round round, get around
  
I get around
  
Yeah
  
(Get around round round, I get around)

&#x200B;

Still got it chief|,y
I'm OUT,n
Hi,y
I'm OUT,n
Out and honestly?  Iâ€™m fine with it.  Got a new record.,n
I'm OUT,n
Out november 18th,n
Out O7,n
Stilll inn,y
I'm OUT,n
I scored at the weekend. I'm out. Good luck everyone,n
Out November 18th. Blue Balls and too much heat in make out session lead to this.,n
I'm out,n
Alive bitches,y
|Puh thank god I saw this post today, otherwise it would be too late|,y
Im out,n
I'm out,n
OUT November 20th,n
Iâ€™m OUT,n
|I had my second wet dream this month. I didnâ€™t experience any orgasm but does this mean Iâ€™m out? Does it mean that those 20 day of doing everything to avoid nutting are wasted? Does it mean I lost because of something I canâ€™t control? However I will still try to endure until the end.
Edit: spelling|,y
ğŸ˜­,unknown
OUT November 16th,n
Hi,y
Im outğŸ˜”,n
Yo,y
70% done. 30% to go. Letâ€™s kick ass lads.,y
Innnnnnnn,y
I'm out,n
|farewell soldiers
iâ€™m out o7|,n
21,y
im out ;(,n
I'm OUT,n
Im out,n
Nevermind. I should consider it a loss. I'm OUT,n
|I'm OUT!

The reason I lost:

Goth girls, enough said...|,n
what's 9+10?,y
I'm OUT,n
|Damn it 
Iâ€™m out|,n
|I had a wet dream and in Australia I made it to the morning of Day 22.

I didn't post because I thought it would be easier to complete this challenge.

Sorry everyone, I hope that I can do it again maybe next month? ğŸ™‚ğŸ™‚ğŸ™‚

Good luck to you all! I wish you all the best! ğŸ˜ğŸ˜ğŸ˜|,n
Day 21 - OUT,n
I'm out,n
Out November 21,n
Out 11/21,n
Whoâ€™s staying strong?,y
Today I had some major urges and I couldn't overcome them. Sorry guys I'm out,n
OUT,n
Innnn,y
Poem,y
I failed soldier,n
Iâ€™m out,n
Iâ€™m out,n
|Shit... I'm out of the fight.

Out November 22nd

Keep fighting without me!|,n
|OUT November 22nd, I wasnâ€™t strong enough.|,n
Out. Unfortunately.,n
Gold,y
Iâ€™m OUT,n
I'm OUT     :(,n
| Rip I failed

Iâ€™m OUT|,n
I'm out,n
Î£Ï„Î¹Î»Î» Î¹Î½ ğŸ’ªğŸ’ª,y
I'm OUT,n
Innn,y
|I'm out, bye.|,n
Stil inâ¹,y
Final stretch,y
Out November 22nd.,n
I'm OUT,n
|Day 22, great job guys|,y
22 out of 30 almost there.,y
Out,n
Out ğŸ˜”,n
OUT â˜ ğŸ’€,n
OUT November 20th,n
|I failed guys. Last year was 11 days, this year 22. Next years gonna be my 30.|,n
I'm out. O7,n
Hi,y
Iâ€™m out,n
Out november 19th,n
Iâ€™m OUT,n
Stilllllll innnnnnn,y
im out,n
Im OUT,n
Iâ€™m OUT : (,n
DALE LOCO Q TODAVIA SE PUEDE TE AMO MESSI,y
Out ğŸ˜­,n
Out,n
Out o7,n
|I'm Out

Stay vigilant|,n
|Rollin' around at the speed of sound,

Will I survive NNN, there's only one way to find out!|,n
Sorry boys I'm out ğŸ˜”,n
I'm OUT sorry cumrades.....,n
I'm Out,n
|After 4-5 monthsâ€¦.

Iâ€™m OUT|,n
|Sorry cumrades, I'm out. 

Not gonna go into details but I'm sorry that I wasn't able to beat my personal best. 23 days was my personal best in NNN'19 as well.|,n
Out november 23th,n
Iâ€™m OUT,n
Yo,y
I'm out. It was an honor boys.,n
Havenâ€™t coomed yet,y
ok,y
I'M OUT RIP,n
Stiiiiiilllll inn,y
I'm OUT,n
Im out.,n
I'm Out,n
Sup guys,y
Welp. Im out. Donâ€™t edge lol.,n
I'm Down guys I'm so sorry,n
nice,y
OUT November 21st,n
Iâ€™m Out,n
Stillllllll inn as fuckkkk,y
LFG boys ğŸ’ªğŸ’ªğŸ’ª,y
|I lost today, maybe next time|,n
stillll innn,y
|Out ğŸ˜­ ğŸ˜­ ğŸ˜­ ğŸ˜­ ğŸ˜­ ğŸ˜­ ğŸ˜­ ğŸ˜­ ğŸ˜­ ğŸ˜­ ğŸ˜­ ğŸ˜­ ğŸ˜­ ğŸ˜­ ğŸ˜­ ğŸ˜­ ğŸ˜­ ğŸ˜­ ğŸ˜­ ğŸ˜­ ğŸ˜­ ğŸ˜­ ğŸ˜­ ğŸ˜­ ğŸ˜­ ğŸ˜­ 


Rip|,n
hi,y
World cup has a lot of us distracted now,y
my bad lads iâ€™m out,n
I'm OUT,n
Out after edge 38 out of 100,n
Yo,y
24,y
|Throwing a pre-cum party on Nov. 30th, lmk if you want an invite!!|,y
STILLL INNNN,y
I'm OUT,n
I'm expecting tons of turkey posts.,y
OUT November 24th,n
|I'm out, at least I got gold|,n
Im out,n
I'm OUT!,n
80% achieved,y
Im out,n
|Turkey fucker, if youâ€™re out thereâ€¦ Know Iâ€™m grabbing Diamond Nonutter 2022 for you!|,y
Yo,y
I'm out,n
Im OUT and ashamed,n
|Guys, Iâ€™ve developed the powers of teleportation and levitation. Itâ€™ll make the turkey trot this morning so much easier!|,y
Out November 23rd,n
Stil inn,y
Im chillin,y
Out -____-,n
|It is 24 out of 30, 80% of the month is done|,y
INNNNN,y
e,unknown
I'm OUT,n
24 nov omg ğŸ˜­,y
iâ€™m out :(,n
R,unknown
Iâ€™m outğŸ˜” as of the 23rd,n
Out lol,n
im out,n
Oh Where Art Thou Nut Cummander? Oh where art his words of motivation? Oh Where Art his Guidience? Has he Fallen? Has he triumphed over NNN and met a lover? Oh Where Art thou Nut Cummander?,y
Stil innnn,y
Stillll innnn,y
*closer.. still..in..*,y
|Alas, I have fallen. Edging is a futile cause, it will only bring you sorrow and failure. Go on without me, my brothers. I will return next year, and hopefully best my new record of 24 days. Godspeed. OUT NOVEMBER 25, 2022.|,n
STILLL INNN,y
Where important info?,unknown
OUT November 24th,n
I'm out,n
OUT!,n
|i got out on November 2nd

il try to be better next year i promise|,n
|I'm out.

Sorry boys I just couldn't.|,n
Iâ€™m OUT. Happened November 24th.,n
Im out.,n
Hello,y
STILLLLLLL INNNNNN,y
Stilll Innnnn,y
AAAAnd I'm out.,n
Out,n
STILLL INN LETS GOOOOO ITS GETTING REAL HARD THO,y
Yo,y
F I VE   D A Y S   L E F T,y
Bout to lose,y
im out,n
Stilllllll innn ğŸ«¡,y
I'm OUT,n
|Final stretch, stil lin!|,y
|Well, comrades, it's been a hell of a ride with you all, but I have to resign my post to an honorable discharge. 
I wish you all the best, and don't give up until you get what you want out of this challenge.

I'm OUT (October 13 (Start) - November 26 (End)).|,n
Im out,n
I'm out ğŸ˜”,n
i'm out,n
S,unknown
I'm out :(,n
out nov 26,n
I'm out...,n
|Iâ€™m OUT

gg boys|,n
I'm OUT,n
|I'm OUT.

Dammit! I lost so close.|,n
Where's turkey fucker?????,y
I'm out :(,n
Our November 23rd,n
hello,y
I'm Out.,n
OUT November 26th.Ihate myself for thisâ€¦,n
|So uh
I failed by accident 
..|,n
Hi,y
Ok,y
Chief of ben shapiro,unknown
STILLL INN,y
I'm out. Been a ride. Thanks soldiers. God speed. o7,n
Out November 25th,n
Stilll innnn,y
HEEEEEEEEEERRRRRRRRRRREEEEEEEEEEE ANDDDDDDDDDDD GOINGGGGGGGG,y
*oooooooo childdd things r gonna get easierrrrrrr ...stilll....innn...*,y
Immmm stilll INNNNNN,y
|I've fallen comrades, I'm sorry... I was so close|,n
|I'm out, 15th already though, just forgot to update|,n
OUT November 24th,n
four,y
Iâ€™m OUT! Wife gave me mid-night blowjob ğŸ˜…,n
FOUR!,y
I'm OUT. Sorry peeps,n
STILLL INNN LETSS FUCKING GOOOO O7,y
I'm out,n
I'm Innnn,n
Ye,y
Out,n
out november 26th,n
Becoming impossible,y
I'm out. I forgot to post that I was out in yesterday's thread.,n
LFGGGG INNN,y
|I'm out.

Continue defending the lines without me, bois. I couldn't stop them any further|,n
I'm OUT,n
Failed on the 19th but I'm ride or die till the end.  I'm out.,n
OUT November 27th,n
oh hey,y
72 hours remain,y
I'm out o7,n
Hi,y
im boutta blow,y
Still-a kickin',y
I'm out,n
S t i l l i n,y
pain,y
STILLLL INNN BOUIIII,y
Innn,y
Iâ€™m out,n
Standing,y
ok,y
out november 27th honorable discharge tho,n
I'm OUT,n
|Yay, coming closer! UgghÂ â€¦|,y
innnnn,y
IM OUT,n
IM STILLL INNN,y
F do jvdsezx,unknown
Good luck y'all o7 I'm OUT,n
I'm OUT,n
Iâ€™m out lads.,n
I'm OUT,n
S t i l l   I n ! !,y
damm missed out,n
Iâ€™m OUT boys,n
I'm out,n
STILLLLLLL INNNNNNNN,y
I haven't fallen YET!!,y
BRO SOMEONE GOTTA CHANGE MY FLAIR I WAS OUT LIKE 2 WEEKS AGO,n
STILLLL INNNNNN,y
|Aye chief, we'll make it count o7 catch you next year!|,n
I'm out November 29. seriously. so disappointed,n
Pain,y
haha,y
I'm OUT FUUUUUUUUUUCKK,n
INNN,y
INNNNNNN,y
Nice,y
Iâ€™m out,n
EPIC,y
STILLL INN LADSS IMA MISS YOU GUYS,y
|I'm out, just passing by|,n
I'm OUT.,n
|Iâ€™m NINN 
!|,y
Stilllll  Innnn,y
Yeah,y
STILLLL INNNN,y
We out sadge,n
|got sick 

one day remaining|,y
|OUT November 29th Had my 2nd wet dream for the month, I'm gutted.. :(|,n
OUT November 21st,n
Innnnn,y
Okay,y
Failed and I'm out on the 19th.  But I'm ride or die till the end.  Flair me.,n
Iâ€™m OUT,n
hell,y
Out,n
Out November 13th.,n
i'm gonna f\*cking edge on porpuse,y
Yo,y
OUT November 12th,n
iiin,y
Hi,y
Heh well I thought I got it but... Guess i'm out,n
INNNNNN,y
ez,y
|Capt. Hector's Log book. November 30th, 1887:

the sun. the sun. the sun. The Sun. The Sun. The Sun. THE SUN! THE SUN! THE SUN! THE SUN! THESUNTHESUNTHESUNTHESUNTHESUNTHESUNTHESUNTHESUNTH-|,y
Made it. Edged throughout the month. Can't believe I lasted this long.,y
i'm out,n
Good job fellow solders,y
Can't believe I did this challenge thrice.. ğŸ’©,y
Iâ€™m out sadly,n
S T I L L  I N!!! YES,y
Canâ€™t believe I actually survived literally 99%,y
Out,n
One last ride,y
Made it,y
|I failed today I'm retarded, this failure truly made me rethink my life and now imma attempt Don't Diddle December|,n
Yes letsgo,y
|LETTS GOO GET IT BOYYS, FINAL PUSH|,y
Out November 20th,n
Innnnnnn!!!!!,y
|I can make it, see you next year again|,y
STIIILLLL!!! INNNN!!!!,y
Yes!,y
Hi,y
STILLL INNNNNN,y
Proud of everyone who made it and even those who didnt,y
Canâ€™t believe we really out here,n
STILLL INNN ONE MORE DAYY,y
|GG, cya next year lads.|,y
And so the final round begins,y
Iâ€™m OUT,n
OUT November 30th because I have square brain,n
Out on the 14th ;_;,n
22:45 remains. Wish me luck,y
Ez,y
Yes !,y
Well that's it I guess,y
Less than 24 hours!!!!!,y
I'm OUT,n
Final stretch,y
STILLL INNNNNNNNN,y
Fuck ya finally,y
At least I only edged this month,y
see u again next year cumrades it's been hell of a journey. this is our finals stand. happy nutting on December 1st ğŸ«¡,y
|Honestly didnâ€™t think Iâ€™d get this far, thereâ€™s been moments I just wanted to give up. Like honestly. Proud of myself.|,y
|OUT November 10th


ğŸ˜­ğŸ˜­ğŸ˜­|,n
Out on Nov 23 but kept going,n
La grosse noix arrive mes compagnons d'arme. Toujours lÃ !,y
S T I L L I N,y
|Yeah, I'm out since 16th but since then I haven't been jerking off a lot|,n
|Hippoty how 
Ima out|,n
I'M OUT. DON'T FUCKIGN EDGE,n
I'm out,n
5h left brethren. all of you soldiers are great (except those who lost first day). im looking forward to this battle next year. bro fist. out,y
|Stil innn suii, I've finaply done it ğŸ˜­ğŸ˜­ğŸ˜­ğŸ‰|,y
y e s,y
StillI N,y
|It has been a wonderful journey. Thanks everybody, hope to see you next year|,y
Sup,y
S t i l l I n,y
Even though I failed. I will definitely try again next year. I'm proud of every one that made diamond. See you next year. (This was my first NNN attempt),n
Letssss goooooooo!,y
ez W,y
I cant believe its finally over,y
WOOO,y
Won,y
Stillllllll Innnnnnn,y
gg ez,y
Ive wonn,y
Won âœ¨ğŸ–ğŸ»,y
I can't believe I made it,y
|Out on November 15th, just found out there's a challenge called. Don't Diddle December so hopefully I can redeem myself there before the new year. Wish me luck Cumrades!|,n
Won,y
Made it,y
OUT November 30th,n
Out by choice,n
Mission accomplished gentlemen,y
|Lezgo, it's done, after 2 years of failing i did it !|,y
IM OUT-,n
|Gonna miss you guys love you ğŸ˜¢
07
S T I L L   I N|,y
ğŸ¥³ Congrats to all who have completed NNN â€˜22!! (Sat this one out),unknown
IVE WON!!!!,y
Oh wait itâ€™s over sorry everyone but I salute you all and see you next year,y
Light work,y
STILLLL INNN!!!,y
Lesss goo,y
*Plays kazoo,y
It's been fun comrades see you all next year,y
Iâ€™ve won,y
Yes,y
ok,y
Yo,y
STILLL INNN,y
Thatâ€™s it. Iâ€™ve made it,y
|We did it! 
Mission Complete.|,y
Cg Guys,y
I mean i won,y
Next year I guess...,y
Double diamonds HELLLLL YEAAAAAAH,y
What a ride,y
Letâ€™s goooooo,y
