Still In,y
STILL IN,y
STILL IN,y
Still In! Though I gotta face a potential lay this weekend...,y
Still in,y
|And here we are, still in|,y
Still in,y
In,y
Still in,y
Still IN!!,y
Still IN!,y
Still in,y
Still in o7,y
Still IN,y
Still IN,y
|im in like a gaymer, 

still IN|,y
Still in o7,y
Still in,y
Still in.,y
|Still IN, let's get it, gentlemen.|,y
Still in 07,y
Still in,y
I'm in,y
|Still IN
‚úâÔ∏è|,y
|Still in, cumrades.|,y
|I'm out, quarantine defeated me ;(|,n
Still IN,y
Still in,y
Still in,y
Still in !,y
Still in,y
Still IN!,y
STILL IN üí™,y
Still in,y
|For today I'm Still IN, I watched a bunch of porn and was considering edging, but we all know what a slippery slope that is, so I resisted and completed day 11|,y
STILL IN,y
Still in,y
Still in,y
Still in,y
Still In.,y
I'm OUT,n
Still In,y
Still in,y
Still In,y
Still IN,y
|Still in, still struggling|,y
Still In o7,y
Still In,y
Still in,y
Still in,y
Still in (this is surprisingly easy),y
|Past the one third mark and nearly half way already. 

Still in|,y
I am still in!,y
STILL IN,y
Still IN,y
still IN,y
Still in,y
 Still IN!,y
Still IN,y
|Still IN! Last of my friend group though, I'm starting to waiver|,y
Still in,y
Still in! Easy so far this year,y
STILL IN,y
Still In.,y
still in!,y
Still IN,y
Still IN,y
Still in,y
Still in,y
Still IN,y
Still IN,y
Still in,y
Still in.,y
Captain Cumbuckle is STILL IN!,y
Still in,y
Still IN!,y
 Still In,y
Still in // the hardest day for me,y
STILL IN,y
|Still in 

double diamond here I come|,y
I‚Äôm still here baby,y
Still In,y
Still in,y
Still in somehow,y
Still in brothers,y
|Hey it‚Äôs already day 11 

I‚Äôve already been hitting self improvement 

I even been baking in my new oven.

Still in and this is my testament|,y
Still IN!,y
If he‚Äôs still in. I‚Äôm still in. üíéüôå,y
Still in!,y
Still in,y
STILL IN!!!,y
Still in,y
|I'm still in, will go to the gym again today. And then I'll chill|,y
still IN,y
|Still in!

Nulla Nut Transiet!

No Nut Shall Pass!|,y
Still IN,y
still in,y
still in!,y
|No nuts so far, still in.|,y
still in,y
